subject_predicate_object,score,rank
0_5_470,4.64518,0
0_5_82,4.58956,1
0_5_656,4.55434,2
1_5_470,4.73128,0
1_5_82,4.6292,1
1_5_379,4.62172,2
2_5_470,4.41549,0
2_5_59,4.35463,1
2_5_82,4.33054,2
3_5_470,4.56276,0
3_5_21,4.53798,1
3_5_656,4.48577,2
4_5_470,4.56116,0
4_5_21,4.53495,1
4_5_192,4.482,2
5_5_470,4.22433,0
5_5_21,4.14902,1
5_5_656,4.14031,2
6_5_470,4.67585,0
6_5_656,4.66476,1
6_5_21,4.63567,2
7_5_470,4.66019,0
7_5_656,4.64064,1
7_5_658,4.58917,2
8_5_470,4.71379,0
8_5_21,4.6518,1
8_5_82,4.64701,2
9_5_470,4.63425,0
9_5_21,4.59516,1
9_5_656,4.59415,2
10_5_470,4.68568,0
10_5_82,4.63041,1
10_5_21,4.58235,2
11_5_470,4.82059,0
11_5_656,4.80387,1
11_5_658,4.78071,2
12_5_470,4.64777,0
12_5_658,4.59934,1
12_5_82,4.58356,2
13_5_470,4.76618,0
13_5_656,4.75047,1
13_5_21,4.72383,2
14_5_470,4.33841,0
14_5_658,4.24636,1
14_5_656,4.24359,2
15_5_470,4.75543,0
15_5_82,4.71772,1
15_5_379,4.68377,2
16_5_470,4.58694,0
16_5_21,4.55478,1
16_5_312,4.54367,2
17_5_470,4.64197,0
17_5_21,4.58554,1
17_5_489,4.57201,2
18_5_470,4.72455,0
18_5_82,4.65739,1
18_5_489,4.65545,2
19_5_470,4.62817,0
19_5_656,4.54218,1
19_5_59,4.53823,2
20_5_470,4.64039,0
20_5_21,4.63614,1
20_5_656,4.57236,2
21_5_470,4.01952,0
21_5_82,3.93214,1
21_5_1195,3.90157,2
22_5_470,4.64505,0
22_5_656,4.55598,1
22_5_658,4.51858,2
23_5_470,4.76715,0
23_5_656,4.68524,1
23_5_21,4.63577,2
24_5_470,4.60356,0
24_5_21,4.57817,1
24_5_656,4.53068,2
25_5_470,4.71376,0
25_5_82,4.66044,1
25_5_21,4.64663,2
26_5_470,4.8664,0
26_5_656,4.79679,1
26_5_658,4.77015,2
27_5_470,4.84521,0
27_5_656,4.77341,1
27_5_658,4.7717,2
28_5_470,4.58533,0
28_5_656,4.5041,1
28_5_21,4.48967,2
29_5_470,4.62262,0
29_5_82,4.56609,1
29_5_656,4.5616,2
30_5_470,4.73284,0
30_5_82,4.69784,1
30_5_379,4.64325,2
31_5_470,4.66446,0
31_5_656,4.6377,1
31_5_658,4.6175,2
32_5_470,4.64781,0
32_5_82,4.58893,1
32_5_658,4.58418,2
33_5_470,4.76553,0
33_5_82,4.69732,1
33_5_1237,4.68049,2
34_5_470,4.42035,0
34_5_656,4.34024,1
34_5_59,4.31739,2
35_5_470,4.77885,0
35_5_656,4.70779,1
35_5_658,4.68842,2
36_5_470,4.51872,0
36_5_656,4.45109,1
36_5_21,4.43868,2
37_5_470,4.48718,0
37_5_82,4.4279,1
37_5_656,4.40028,2
38_5_470,4.62237,0
38_5_82,4.57206,1
38_5_1195,4.54608,2
39_5_470,4.7287,0
39_5_656,4.68647,1
39_5_658,4.65167,2
40_5_470,4.3379,0
40_5_59,4.25431,1
40_5_82,4.24049,2
41_5_470,4.81124,0
41_5_656,4.74397,1
41_5_898,4.73327,2
42_5_470,4.70895,0
42_5_21,4.67216,1
42_5_656,4.62377,2
43_5_470,4.78609,0
43_5_82,4.70487,1
43_5_379,4.68166,2
44_5_470,4.6119,0
44_5_82,4.52414,1
44_5_21,4.5083,2
45_5_470,4.18435,0
45_5_21,4.12848,1
45_5_656,4.12024,2
46_5_470,4.73993,0
46_5_21,4.72548,1
46_5_312,4.69327,2
47_5_470,4.60297,0
47_5_21,4.58871,1
47_5_656,4.55562,2
48_5_470,4.57363,0
48_5_656,4.50736,1
48_5_21,4.49556,2
49_5_470,4.72336,0
49_5_656,4.66489,1
49_5_1237,4.63761,2
50_5_470,4.54217,0
50_5_82,4.42538,1
50_5_1195,4.4089,2
51_5_470,4.79844,0
51_5_82,4.75087,1
51_5_21,4.73413,2
52_5_470,4.16386,0
52_5_82,4.05877,1
52_5_379,4.02224,2
53_5_470,4.46068,0
53_5_82,4.3876,1
53_5_1195,4.35431,2
54_5_470,4.56656,0
54_5_82,4.47961,1
54_5_658,4.45857,2
55_5_470,4.5442,0
55_5_82,4.46752,1
55_5_379,4.41827,2
56_5_470,4.64758,0
56_5_82,4.55874,1
56_5_656,4.52748,2
57_5_470,4.61199,0
57_5_21,4.52513,1
57_5_82,4.51732,2
58_5_470,4.77778,0
58_5_656,4.68117,1
58_5_658,4.65044,2
59_5_470,4.12986,0
59_5_82,4.0341,1
59_5_656,4.02843,2
60_5_470,4.52791,0
60_5_82,4.4314,1
60_5_429,4.40445,2
61_5_470,4.73123,0
61_5_21,4.6784,1
61_5_82,4.66288,2
62_5_470,4.69578,0
62_5_21,4.62945,1
62_5_489,4.59791,2
63_5_470,4.67456,0
63_5_656,4.60497,1
63_5_82,4.60163,2
64_5_470,4.49915,0
64_5_82,4.43906,1
64_5_656,4.41083,2
65_5_470,4.48647,0
65_5_82,4.42733,1
65_5_379,4.39695,2
66_5_470,4.83501,0
66_5_21,4.8165,1
66_5_82,4.77176,2
67_5_470,4.67381,0
67_5_82,4.61101,1
67_5_1195,4.57262,2
68_5_470,4.71694,0
68_5_82,4.65154,1
68_5_379,4.60091,2
69_5_470,4.72598,0
69_5_656,4.61725,1
69_5_82,4.60668,2
70_5_470,4.88417,0
70_5_656,4.82587,1
70_5_21,4.821,2
71_5_470,4.66069,0
71_5_656,4.54914,1
71_5_21,4.54138,2
72_5_470,4.63212,0
72_5_82,4.55072,1
72_5_656,4.54211,2
73_5_470,4.35877,0
73_5_656,4.25536,1
73_5_82,4.2509,2
74_5_470,4.73788,0
74_5_1195,4.63312,1
74_5_82,4.62567,2
75_5_470,4.64569,0
75_5_82,4.59515,1
75_5_379,4.59012,2
76_5_470,4.59451,0
76_5_656,4.48068,1
76_5_955,4.4801,2
77_5_470,4.81607,0
77_5_82,4.69575,1
77_5_656,4.6894,2
78_5_470,4.82924,0
78_5_658,4.73881,1
78_5_656,4.73268,2
79_5_470,4.67044,0
79_5_21,4.58184,1
79_5_192,4.5541,2
80_5_470,4.79947,0
80_5_82,4.68175,1
80_5_489,4.66552,2
81_5_470,4.79972,0
81_5_82,4.72581,1
81_5_656,4.69949,2
82_5_470,3.93544,0
82_5_656,3.87588,1
82_5_21,3.85481,2
83_5_470,4.72535,0
83_5_82,4.62081,1
83_5_656,4.60322,2
84_5_470,4.60845,0
84_5_82,4.51596,1
84_5_433,4.4919,2
85_5_470,4.67938,0
85_5_656,4.67368,1
85_5_658,4.63624,2
86_5_470,4.67934,0
86_5_21,4.61382,1
86_5_656,4.60649,2
87_5_470,4.70915,0
87_5_21,4.67181,1
87_5_656,4.66865,2
88_5_470,4.63468,0
88_5_656,4.60542,1
88_5_21,4.57085,2
89_5_470,4.62429,0
89_5_82,4.58421,1
89_5_1195,4.55077,2
90_5_470,4.67812,0
90_5_656,4.59558,1
90_5_21,4.56749,2
91_5_470,4.76288,0
91_5_82,4.70262,1
91_5_1195,4.66883,2
92_5_470,4.50143,0
92_5_21,4.48845,1
92_5_656,4.4707,2
93_5_470,4.83318,0
93_5_656,4.73826,1
93_5_82,4.72698,2
94_5_470,4.48768,0
94_5_656,4.43429,1
94_5_82,4.41992,2
95_5_470,4.60682,0
95_5_656,4.56653,1
95_5_658,4.55428,2
96_5_470,4.75181,0
96_5_82,4.70337,1
96_5_379,4.66615,2
97_5_470,4.80726,0
97_5_656,4.76029,1
97_5_82,4.72146,2
98_5_470,4.64151,0
98_5_656,4.63829,1
98_5_658,4.60081,2
99_5_470,4.3248,0
99_5_21,4.2458,1
99_5_82,4.23684,2
100_5_470,4.8401,0
100_5_82,4.81697,1
100_5_379,4.79534,2
101_5_470,4.50539,0
101_5_656,4.42478,1
101_5_21,4.41708,2
102_5_470,4.71106,0
102_5_82,4.60072,1
102_5_21,4.58886,2
103_5_470,4.75891,0
103_5_82,4.6448,1
103_5_21,4.61774,2
104_5_470,4.64294,0
104_5_82,4.57958,1
104_5_192,4.54446,2
105_5_470,4.66231,0
105_5_82,4.5784,1
105_5_656,4.54218,2
106_5_470,4.67596,0
106_5_21,4.64913,1
106_5_192,4.62962,2
107_5_470,4.71351,0
107_5_656,4.67563,1
107_5_21,4.61096,2
108_5_470,4.80575,0
108_5_656,4.75591,1
108_5_658,4.71447,2
109_5_470,4.76652,0
109_5_656,4.71029,1
109_5_82,4.69514,2
110_5_470,4.75163,0
110_5_656,4.70712,1
110_5_82,4.67518,2
111_5_470,4.78607,0
111_5_21,4.68716,1
111_5_658,4.68383,2
112_5_470,4.69859,0
112_5_21,4.66327,1
112_5_192,4.61168,2
113_5_470,4.7326,0
113_5_21,4.70866,1
113_5_656,4.65308,2
114_5_470,4.68912,0
114_5_82,4.62033,1
114_5_21,4.60147,2
115_5_470,4.69573,0
115_5_656,4.59868,1
115_5_21,4.5674,2
116_5_470,4.69279,0
116_5_82,4.6306,1
116_5_1195,4.60646,2
117_5_470,4.6959,0
117_5_656,4.59776,1
117_5_82,4.58671,2
118_5_470,4.65905,0
118_5_82,4.59091,1
118_5_21,4.54887,2
119_5_470,4.67902,0
119_5_82,4.57561,1
119_5_59,4.55293,2
120_5_470,4.61055,0
120_5_82,4.56674,1
120_5_379,4.55871,2
121_5_470,4.71946,0
121_5_21,4.65523,1
121_5_656,4.6227,2
122_5_470,4.71219,0
122_5_82,4.65121,1
122_5_379,4.61755,2
123_5_470,4.68311,0
123_5_658,4.58704,1
123_5_656,4.56836,2
124_5_470,4.31571,0
124_5_192,4.27274,1
124_5_489,4.26832,2
125_5_470,4.72849,0
125_5_192,4.68526,1
125_5_489,4.68369,2
126_5_470,4.74866,0
126_5_82,4.69417,1
126_5_489,4.66921,2
127_5_470,4.48717,0
127_5_82,4.36975,1
127_5_656,4.364,2
128_5_470,4.5104,0
128_5_82,4.38016,1
128_5_656,4.37538,2
129_5_470,4.53385,0
129_5_21,4.47303,1
129_5_1195,4.45979,2
130_5_470,4.7239,0
130_5_656,4.6646,1
130_5_21,4.65774,2
131_5_470,4.62395,0
131_5_656,4.58002,1
131_5_82,4.53628,2
132_5_470,4.64582,0
132_5_656,4.5708,1
132_5_658,4.55792,2
133_5_470,4.11519,0
133_5_21,4.03095,1
133_5_656,4.03027,2
134_5_470,4.71148,0
134_5_82,4.61151,1
134_5_379,4.59726,2
135_5_470,4.69135,0
135_5_82,4.60859,1
135_5_379,4.59286,2
136_5_470,4.23347,0
136_5_21,4.17017,1
136_5_656,4.16091,2
137_5_470,4.1508,0
137_5_656,4.09949,1
137_5_21,4.06185,2
138_5_470,4.21068,0
138_5_82,4.12737,1
138_5_656,4.09368,2
139_5_470,4.49846,0
139_5_82,4.41719,1
139_5_1195,4.39753,2
140_5_470,4.62354,0
140_5_656,4.55268,1
140_5_658,4.54928,2
141_5_470,4.56085,0
141_5_82,4.51308,1
141_5_379,4.46842,2
142_5_470,4.33761,0
142_5_656,4.27725,1
142_5_658,4.2559,2
143_5_470,4.70853,0
143_5_658,4.6328,1
143_5_656,4.619,2
144_5_470,4.73614,0
144_5_656,4.63921,1
144_5_82,4.6308,2
145_5_470,4.64635,0
145_5_955,4.52299,1
145_5_82,4.51612,2
146_5_470,4.47205,0
146_5_21,4.42658,1
146_5_82,4.41052,2
147_5_470,4.7038,0
147_5_656,4.64396,1
147_5_192,4.60962,2
148_5_470,4.34631,0
148_5_82,4.25516,1
148_5_656,4.25079,2
149_5_470,4.54439,0
149_5_82,4.51922,1
149_5_379,4.46754,2
150_5_470,4.45691,0
150_5_82,4.41841,1
150_5_21,4.3838,2
151_5_470,4.2322,0
151_5_82,4.19819,1
151_5_379,4.15548,2
152_5_470,4.49924,0
152_5_656,4.41569,1
152_5_82,4.40511,2
153_5_470,4.98508,0
153_5_21,4.92372,1
153_5_82,4.90278,2
154_5_470,4.38924,0
154_5_82,4.34568,1
154_5_379,4.29333,2
155_5_470,4.5132,0
155_5_82,4.49023,1
155_5_379,4.46337,2
156_5_470,4.81134,0
156_5_82,4.72402,1
156_5_1195,4.71363,2
157_5_470,4.35364,0
157_5_21,4.33155,1
157_5_489,4.27355,2
158_5_470,4.6268,0
158_5_82,4.5527,1
158_5_21,4.53793,2
159_5_470,4.52069,0
159_5_658,4.43625,1
159_5_82,4.40692,2
160_5_470,4.87194,0
160_5_21,4.81283,1
160_5_82,4.80742,2
161_5_470,4.47765,0
161_5_656,4.4578,1
161_5_21,4.43572,2
162_5_470,4.69354,0
162_5_21,4.63652,1
162_5_656,4.63158,2
163_5_470,4.71302,0
163_5_312,4.6513,1
163_5_192,4.64642,2
164_5_470,4.74192,0
164_5_1237,4.64691,1
164_5_658,4.64446,2
165_5_470,4.4556,0
165_5_82,4.37313,1
165_5_379,4.33893,2
166_5_470,4.86604,0
166_5_656,4.77139,1
166_5_658,4.77013,2
167_5_470,4.63548,0
167_5_656,4.593,1
167_5_658,4.56246,2
168_5_470,4.78699,0
168_5_656,4.7523,1
168_5_658,4.71823,2
169_5_470,4.67986,0
169_5_489,4.60642,1
169_5_21,4.6002,2
170_5_470,4.82025,0
170_5_489,4.73543,1
170_5_192,4.73351,2
171_5_470,4.76759,0
171_5_21,4.67938,1
171_5_656,4.65303,2
172_5_470,4.68805,0
172_5_1237,4.59025,1
172_5_955,4.58906,2
173_5_470,4.61205,0
173_5_82,4.54691,1
173_5_379,4.51861,2
174_5_470,4.50518,0
174_5_1195,4.41986,1
174_5_21,4.41613,2
175_5_470,4.70485,0
175_5_82,4.63558,1
175_5_21,4.61678,2
176_5_470,4.65258,0
176_5_82,4.59722,1
176_5_312,4.57783,2
177_5_470,4.81151,0
177_5_656,4.73092,1
177_5_59,4.69758,2
178_5_470,4.72951,0
178_5_656,4.67191,1
178_5_658,4.61516,2
179_5_470,4.74026,0
179_5_82,4.67804,1
179_5_21,4.64805,2
180_5_470,4.52658,0
180_5_656,4.48575,1
180_5_21,4.46477,2
181_5_470,4.83177,0
181_5_82,4.78684,1
181_5_379,4.76941,2
182_5_470,4.72411,0
182_5_21,4.64205,1
182_5_656,4.63466,2
183_5_470,4.74649,0
183_5_656,4.69322,1
183_5_21,4.64717,2
184_5_470,4.59349,0
184_5_21,4.49672,1
184_5_82,4.47749,2
185_5_470,4.56792,0
185_5_1195,4.53379,1
185_5_82,4.50091,2
186_5_470,4.74916,0
186_5_82,4.66702,1
186_5_379,4.66407,2
187_5_470,4.71568,0
187_5_656,4.64429,1
187_5_21,4.64021,2
188_5_470,4.66914,0
188_5_21,4.63256,1
188_5_656,4.59785,2
189_5_470,4.27784,0
189_5_82,4.23181,1
189_5_21,4.22162,2
190_5_470,4.40448,0
190_5_656,4.35907,1
190_5_21,4.35188,2
191_5_470,4.76977,0
191_5_656,4.70388,1
191_5_658,4.6864,2
192_5_470,4.05513,0
192_5_82,3.97485,1
192_5_1195,3.9328,2
193_5_470,4.74853,0
193_5_82,4.65903,1
193_5_656,4.65113,2
194_5_470,4.74914,0
194_5_82,4.70159,1
194_5_379,4.67805,2
195_5_470,4.73244,0
195_5_1195,4.68395,1
195_5_82,4.67694,2
196_5_470,4.72171,0
196_5_82,4.67454,1
196_5_1195,4.65622,2
197_5_470,4.66204,0
197_5_82,4.58625,1
197_5_656,4.54871,2
198_5_470,4.68477,0
198_5_82,4.61057,1
198_5_1195,4.56799,2
199_5_470,4.63914,0
199_5_82,4.58551,1
199_5_379,4.55533,2
200_5_470,4.64737,0
200_5_82,4.59759,1
200_5_379,4.56875,2
201_5_470,4.74883,0
201_5_82,4.68731,1
201_5_379,4.64683,2
202_5_470,4.73546,0
202_5_955,4.64253,1
202_5_658,4.64184,2
203_5_470,4.81755,0
203_5_82,4.777,1
203_5_379,4.74189,2
204_5_470,4.33772,0
204_5_82,4.25621,1
204_5_1195,4.24141,2
205_5_470,4.80353,0
205_5_82,4.70449,1
205_5_656,4.65091,2
206_5_470,4.74611,0
206_5_82,4.68152,1
206_5_379,4.63687,2
207_5_470,4.69941,0
207_5_656,4.64945,1
207_5_658,4.62272,2
208_5_470,4.95161,0
208_5_82,4.87109,1
208_5_429,4.84779,2
209_5_470,4.67175,0
209_5_658,4.60983,1
209_5_656,4.5962,2
210_5_470,4.79276,0
210_5_656,4.72131,1
210_5_658,4.71728,2
211_5_470,4.64688,0
211_5_658,4.56464,1
211_5_656,4.56178,2
212_5_470,4.82439,0
212_5_656,4.73586,1
212_5_21,4.72291,2
213_5_470,4.69921,0
213_5_82,4.61802,1
213_5_379,4.60548,2
214_5_470,4.57359,0
214_5_82,4.51093,1
214_5_21,4.50195,2
215_5_470,4.75687,0
215_5_656,4.70323,1
215_5_658,4.65813,2
216_5_470,4.27019,0
216_5_82,4.18761,1
216_5_21,4.14335,2
217_5_470,4.77291,0
217_5_656,4.7108,1
217_5_658,4.7095,2
218_5_470,4.69424,0
218_5_21,4.66932,1
218_5_192,4.64691,2
219_5_470,4.5418,0
219_5_656,4.48583,1
219_5_658,4.44698,2
220_5_470,4.78278,0
220_5_82,4.71529,1
220_5_656,4.71319,2
221_5_470,4.72524,0
221_5_82,4.65554,1
221_5_656,4.64874,2
222_5_470,4.62498,0
222_5_82,4.55529,1
222_5_379,4.51397,2
223_5_470,4.47186,0
223_5_82,4.40275,1
223_5_1195,4.37768,2
224_5_470,4.53276,0
224_5_573,4.4414,1
224_5_82,4.41974,2
225_5_470,4.68085,0
225_5_21,4.62175,1
225_5_82,4.5941,2
226_5_470,4.75602,0
226_5_658,4.65824,1
226_5_82,4.65564,2
227_5_470,4.7914,0
227_5_82,4.68704,1
227_5_658,4.68364,2
228_5_470,4.61887,0
228_5_82,4.54622,1
228_5_656,4.53687,2
229_5_470,4.69535,0
229_5_656,4.61745,1
229_5_658,4.56925,2
230_5_470,4.88081,0
230_5_82,4.81756,1
230_5_658,4.79655,2
231_5_470,4.72976,0
231_5_21,4.66149,1
231_5_82,4.64752,2
232_5_470,4.77858,0
232_5_656,4.70275,1
232_5_658,4.68477,2
233_5_470,4.23596,0
233_5_21,4.19222,1
233_5_82,4.1657,2
234_5_470,4.76872,0
234_5_82,4.71493,1
234_5_658,4.69173,2
235_5_470,4.26734,0
235_5_21,4.23271,1
235_5_82,4.20699,2
236_5_470,4.24679,0
236_5_82,4.19204,1
236_5_379,4.16016,2
237_5_470,4.34163,0
237_5_82,4.23717,1
237_5_21,4.21964,2
238_5_470,4.74417,0
238_5_82,4.65654,1
238_5_379,4.63707,2
239_5_470,4.73152,0
239_5_82,4.64572,1
239_5_955,4.64203,2
240_5_470,4.7963,0
240_5_21,4.73868,1
240_5_656,4.71422,2
241_5_470,4.54784,0
241_5_82,4.4886,1
241_5_21,4.48221,2
242_5_470,4.52597,0
242_5_82,4.46539,1
242_5_379,4.44243,2
243_5_470,4.55114,0
243_5_656,4.48677,1
243_5_658,4.48141,2
244_5_470,4.54706,0
244_5_82,4.44644,1
244_5_1195,4.4315,2
245_5_470,4.36461,0
245_5_656,4.28191,1
245_5_21,4.27364,2
246_5_470,4.64211,0
246_5_82,4.58095,1
246_5_1195,4.54486,2
247_5_470,4.79557,0
247_5_82,4.74968,1
247_5_379,4.7053,2
248_5_470,4.63633,0
248_5_21,4.60149,1
248_5_658,4.57978,2
249_5_470,4.6424,0
249_5_21,4.57528,1
249_5_82,4.57403,2
250_5_470,4.68109,0
250_5_21,4.62655,1
250_5_312,4.61108,2
251_5_470,4.59196,0
251_5_82,4.5239,1
251_5_312,4.4995,2
252_5_470,4.75288,0
252_5_21,4.62483,1
252_5_82,4.62365,2
253_5_470,4.64309,0
253_5_21,4.58677,1
253_5_192,4.55036,2
254_5_470,4.75584,0
254_5_656,4.65229,1
254_5_82,4.62439,2
255_5_470,4.6454,0
255_5_656,4.59307,1
255_5_192,4.56328,2
256_5_470,4.27954,0
256_5_658,4.23522,1
256_5_656,4.20059,2
257_5_470,4.822,0
257_5_21,4.76015,1
257_5_489,4.70866,2
258_5_470,4.84445,0
258_5_656,4.76029,1
258_5_82,4.75946,2
259_5_470,4.69657,0
259_5_489,4.61201,1
259_5_192,4.60595,2
260_5_470,4.78328,0
260_5_82,4.75018,1
260_5_21,4.73908,2
261_5_470,4.32963,0
261_5_82,4.27199,1
261_5_1195,4.23639,2
262_5_470,4.75283,0
262_5_82,4.67684,1
262_5_489,4.67113,2
263_5_470,4.2828,0
263_5_955,4.20166,1
263_5_82,4.19924,2
264_5_470,4.57061,0
264_5_21,4.50656,1
264_5_573,4.48847,2
265_5_470,4.76854,0
265_5_82,4.6898,1
265_5_1195,4.66193,2
266_5_470,4.72163,0
266_5_82,4.63793,1
266_5_1195,4.63128,2
267_5_470,4.60185,0
267_5_21,4.549,1
267_5_656,4.54896,2
268_5_470,4.56503,0
268_5_656,4.49638,1
268_5_658,4.45814,2
269_5_470,4.62195,0
269_5_21,4.55073,1
269_5_656,4.51292,2
270_5_470,4.64476,0
270_5_656,4.58093,1
270_5_658,4.55,2
271_5_470,4.66921,0
271_5_82,4.56385,1
271_5_379,4.53235,2
272_5_470,4.78041,0
272_5_82,4.70124,1
272_5_379,4.67131,2
273_5_470,4.51221,0
273_5_82,4.41068,1
273_5_656,4.37536,2
274_5_470,4.65557,0
274_5_192,4.59181,1
274_5_489,4.59025,2
275_5_470,4.63093,0
275_5_656,4.57702,1
275_5_658,4.53109,2
276_5_470,4.74752,0
276_5_21,4.68564,1
276_5_656,4.68177,2
277_5_470,4.67282,0
277_5_82,4.62753,1
277_5_379,4.6122,2
278_5_470,4.6458,0
278_5_21,4.58276,1
278_5_82,4.57674,2
279_5_470,4.81219,0
279_5_955,4.70768,1
279_5_192,4.70401,2
280_5_470,4.78057,0
280_5_82,4.71895,1
280_5_489,4.7176,2
281_5_470,4.72579,0
281_5_656,4.70438,1
281_5_658,4.67967,2
282_5_470,4.5161,0
282_5_82,4.4544,1
282_5_656,4.41521,2
283_5_470,4.74316,0
283_5_656,4.66353,1
283_5_82,4.65962,2
284_5_470,4.57875,0
284_5_1195,4.49714,1
284_5_955,4.48065,2
285_5_470,4.67893,0
285_5_82,4.59806,1
285_5_955,4.59512,2
286_5_470,4.52535,0
286_5_656,4.50432,1
286_5_658,4.44335,2
287_5_470,4.53124,0
287_5_656,4.52522,1
287_5_21,4.4555,2
288_5_470,4.49786,0
288_5_192,4.43382,1
288_5_21,4.43194,2
289_5_470,4.43796,0
289_5_656,4.38076,1
289_5_658,4.37017,2
290_5_470,4.63207,0
290_5_21,4.59652,1
290_5_489,4.56742,2
291_5_470,4.72497,0
291_5_656,4.69738,1
291_5_658,4.65113,2
292_5_470,4.67732,0
292_5_1237,4.59051,1
292_5_21,4.57571,2
293_5_470,4.69645,0
293_5_82,4.59381,1
293_5_1195,4.57069,2
294_5_470,4.82869,0
294_5_21,4.82713,1
294_5_489,4.79164,2
295_5_470,4.76885,0
295_5_656,4.71,1
295_5_82,4.68647,2
296_5_470,4.82537,0
296_5_82,4.74666,1
296_5_658,4.73843,2
297_5_470,4.76067,0
297_5_656,4.71665,1
297_5_658,4.67919,2
298_5_470,4.63253,0
298_5_82,4.51708,1
298_5_379,4.5045,2
299_5_470,4.55086,0
299_5_82,4.42989,1
299_5_21,4.4114,2
300_5_470,4.5132,0
300_5_21,4.47345,1
300_5_656,4.43241,2
301_5_470,4.6873,0
301_5_656,4.61015,1
301_5_658,4.60506,2
302_5_470,4.80743,0
302_5_82,4.74747,1
302_5_429,4.72217,2
303_5_470,4.66595,0
303_5_82,4.59971,1
303_5_1195,4.58865,2
304_5_470,4.63674,0
304_5_656,4.62476,1
304_5_658,4.57176,2
305_5_470,4.87052,0
305_5_656,4.80979,1
305_5_21,4.80714,2
306_5_470,4.85229,0
306_5_192,4.80265,1
306_5_489,4.79413,2
307_5_470,4.75834,0
307_5_656,4.68195,1
307_5_955,4.66977,2
308_5_470,4.81498,0
308_5_656,4.76324,1
308_5_21,4.74319,2
309_5_470,4.60384,0
309_5_656,4.53659,1
309_5_82,4.52445,2
310_5_470,4.78534,0
310_5_658,4.72867,1
310_5_21,4.70759,2
311_5_470,4.37022,0
311_5_658,4.29398,1
311_5_656,4.28424,2
312_5_470,4.14292,0
312_5_656,4.03131,1
312_5_82,4.01952,2
313_5_470,4.68452,0
313_5_656,4.64809,1
313_5_21,4.6438,2
314_5_470,4.79418,0
314_5_82,4.6758,1
314_5_573,4.66654,2
315_5_470,4.73648,0
315_5_489,4.6752,1
315_5_192,4.67422,2
316_5_470,4.78258,0
316_5_656,4.73472,1
316_5_21,4.69513,2
317_5_21,4.5323,0
317_5_470,4.52414,1
317_5_192,4.45286,2
318_5_470,4.6293,0
318_5_656,4.54375,1
318_5_59,4.53164,2
319_5_470,4.58697,0
319_5_656,4.48463,1
319_5_658,4.44807,2
320_5_470,4.68931,0
320_5_656,4.60734,1
320_5_21,4.55684,2
321_5_470,4.76518,0
321_5_656,4.65802,1
321_5_658,4.65425,2
322_5_470,4.58369,0
322_5_658,4.49618,1
322_5_656,4.47359,2
323_5_470,4.55388,0
323_5_656,4.48362,1
323_5_658,4.44952,2
324_5_470,4.64176,0
324_5_21,4.62398,1
324_5_192,4.59628,2
325_5_470,4.69488,0
325_5_656,4.60155,1
325_5_82,4.58902,2
326_5_470,4.50984,0
326_5_82,4.45419,1
326_5_656,4.44226,2
327_5_470,4.57952,0
327_5_82,4.52726,1
327_5_21,4.52176,2
328_5_470,4.68227,0
328_5_82,4.64419,1
328_5_379,4.63553,2
329_5_470,4.73127,0
329_5_82,4.66032,1
329_5_1195,4.64602,2
330_5_470,4.57848,0
330_5_656,4.55854,1
330_5_21,4.49695,2
331_5_470,4.66901,0
331_5_656,4.66134,1
331_5_658,4.60017,2
332_5_470,4.78928,0
332_5_21,4.71958,1
332_5_192,4.71343,2
333_5_470,4.50721,0
333_5_656,4.45119,1
333_5_59,4.44851,2
334_5_470,4.5136,0
334_5_656,4.48026,1
334_5_658,4.45579,2
335_5_470,4.70509,0
335_5_656,4.6089,1
335_5_82,4.59889,2
336_5_470,4.88753,0
336_5_82,4.81869,1
336_5_379,4.79941,2
337_5_470,4.67341,0
337_5_82,4.5741,1
337_5_21,4.5503,2
338_5_470,4.79588,0
338_5_656,4.72605,1
338_5_658,4.7201,2
339_5_470,4.73331,0
339_5_192,4.65262,1
339_5_21,4.65258,2
340_5_470,4.82162,0
340_5_82,4.73798,1
340_5_379,4.71057,2
341_5_470,4.68818,0
341_5_82,4.62195,1
341_5_656,4.58738,2
342_5_470,4.75731,0
342_5_82,4.68181,1
342_5_21,4.66529,2
343_5_470,4.6566,0
343_5_21,4.63616,1
343_5_656,4.59578,2
344_5_470,4.59452,0
344_5_82,4.56197,1
344_5_379,4.51473,2
345_5_470,4.5201,0
345_5_656,4.45343,1
345_5_21,4.44576,2
346_5_470,4.68031,0
346_5_82,4.6087,1
346_5_656,4.59861,2
347_5_470,4.51071,0
347_5_82,4.38952,1
347_5_1195,4.38041,2
348_5_470,4.73622,0
348_5_82,4.60991,1
348_5_658,4.59978,2
349_5_470,4.86177,0
349_5_82,4.77951,1
349_5_379,4.74998,2
350_5_470,4.51285,0
350_5_82,4.43499,1
350_5_656,4.39214,2
351_5_470,4.70661,0
351_5_82,4.62385,1
351_5_656,4.5956,2
352_5_470,4.76913,0
352_5_82,4.68248,1
352_5_658,4.65889,2
353_5_470,4.6102,0
353_5_82,4.51299,1
353_5_656,4.49754,2
354_5_470,4.63494,0
354_5_82,4.54228,1
354_5_1195,4.51532,2
355_5_470,4.69413,0
355_5_82,4.5913,1
355_5_656,4.56215,2
356_5_470,4.48948,0
356_5_21,4.43022,1
356_5_658,4.39545,2
357_5_470,4.78548,0
357_5_656,4.68318,1
357_5_82,4.67757,2
358_5_470,4.59841,0
358_5_656,4.49797,1
358_5_82,4.48332,2
359_5_470,4.76681,0
359_5_656,4.65322,1
359_5_658,4.64942,2
360_5_470,4.92731,0
360_5_82,4.86754,1
360_5_379,4.85032,2
361_5_470,4.80406,0
361_5_656,4.73695,1
361_5_82,4.71799,2
362_5_470,4.77224,0
362_5_656,4.68721,1
362_5_658,4.6726,2
363_5_470,4.70235,0
363_5_21,4.68451,1
363_5_82,4.62619,2
364_5_470,4.6355,0
364_5_573,4.55763,1
364_5_21,4.54782,2
365_5_470,4.786,0
365_5_82,4.75075,1
365_5_379,4.73894,2
366_5_470,4.78462,0
366_5_82,4.66905,1
366_5_656,4.65643,2
367_5_470,4.60054,0
367_5_656,4.46264,1
367_5_21,4.45972,2
368_5_470,4.68763,0
368_5_656,4.56754,1
368_5_21,4.56566,2
369_5_470,4.81508,0
369_5_82,4.78764,1
369_5_379,4.74399,2
370_5_470,4.50071,0
370_5_82,4.42632,1
370_5_1195,4.39361,2
371_5_470,4.8031,0
371_5_21,4.71936,1
371_5_489,4.70221,2
372_5_470,4.55094,0
372_5_656,4.42373,1
372_5_82,4.41837,2
373_5_470,4.62514,0
373_5_1195,4.54447,1
373_5_82,4.54131,2
374_5_470,4.72222,0
374_5_82,4.60288,1
374_5_656,4.59684,2
375_5_470,4.79303,0
375_5_82,4.6891,1
375_5_656,4.65573,2
376_5_470,4.74521,0
376_5_21,4.64023,1
376_5_656,4.62907,2
377_5_470,4.71355,0
377_5_192,4.60259,1
377_5_489,4.60073,2
378_5_470,4.69097,0
378_5_82,4.61951,1
378_5_656,4.57582,2
379_5_470,3.99291,0
379_5_656,3.94495,1
379_5_21,3.91079,2
380_5_470,4.80223,0
380_5_82,4.70528,1
380_5_656,4.66829,2
381_5_470,4.73222,0
381_5_21,4.69027,1
381_5_82,4.68946,2
382_5_470,4.75676,0
382_5_656,4.7567,1
382_5_658,4.71427,2
383_5_470,4.67255,0
383_5_656,4.61189,1
383_5_21,4.60126,2
384_5_470,4.80056,0
384_5_21,4.76446,1
384_5_656,4.75857,2
385_5_470,4.67899,0
385_5_656,4.59706,1
385_5_192,4.5611,2
386_5_470,4.52747,0
386_5_82,4.48999,1
386_5_1195,4.43811,2
387_5_470,4.75113,0
387_5_82,4.72027,1
387_5_379,4.69925,2
388_5_470,4.71427,0
388_5_82,4.68345,1
388_5_379,4.63948,2
389_5_470,4.5201,0
389_5_658,4.44649,1
389_5_573,4.42441,2
390_5_470,4.59148,0
390_5_656,4.57676,1
390_5_658,4.54105,2
391_5_470,4.57705,0
391_5_656,4.53891,1
391_5_658,4.52551,2
392_5_470,4.75468,0
392_5_656,4.66117,1
392_5_658,4.62975,2
393_5_470,4.69673,0
393_5_82,4.63931,1
393_5_1195,4.6124,2
394_5_470,4.77007,0
394_5_656,4.73539,1
394_5_82,4.69154,2
395_5_470,4.7702,0
395_5_21,4.67751,1
395_5_656,4.67186,2
396_5_470,4.80253,0
396_5_656,4.74397,1
396_5_21,4.74177,2
397_5_470,4.70156,0
397_5_21,4.63818,1
397_5_656,4.63513,2
398_5_470,4.61957,0
398_5_21,4.5348,1
398_5_137,4.52621,2
399_5_470,4.73984,0
399_5_656,4.72615,1
399_5_658,4.69314,2
400_5_470,4.79601,0
400_5_82,4.68508,1
400_5_21,4.6538,2
401_5_470,4.65779,0
401_5_656,4.62114,1
401_5_21,4.57608,2
402_5_470,4.67241,0
402_5_82,4.59068,1
402_5_656,4.56798,2
403_5_470,4.76682,0
403_5_21,4.6808,1
403_5_656,4.65052,2
404_5_470,4.71856,0
404_5_656,4.66873,1
404_5_21,4.61431,2
405_5_470,4.82225,0
405_5_656,4.75823,1
405_5_658,4.72143,2
406_5_470,4.62144,0
406_5_656,4.60189,1
406_5_658,4.58913,2
407_5_470,4.69616,0
407_5_656,4.62329,1
407_5_82,4.59707,2
408_5_470,4.70668,0
408_5_658,4.6384,1
408_5_656,4.63638,2
409_5_470,4.6532,0
409_5_21,4.65155,1
409_5_52,4.60114,2
410_5_470,4.57542,0
410_5_21,4.55632,1
410_5_52,4.52944,2
411_5_470,4.65384,0
411_5_82,4.58568,1
411_5_1195,4.56159,2
412_5_470,4.70881,0
412_5_656,4.61624,1
412_5_21,4.6042,2
413_5_470,4.71957,0
413_5_82,4.64927,1
413_5_21,4.64788,2
414_5_470,4.77966,0
414_5_82,4.69055,1
414_5_1195,4.68474,2
415_5_470,4.6565,0
415_5_658,4.57584,1
415_5_82,4.56605,2
416_5_470,4.71259,0
416_5_82,4.64286,1
416_5_379,4.62635,2
417_5_470,4.64187,0
417_5_82,4.53585,1
417_5_1195,4.5153,2
418_5_470,4.74499,0
418_5_21,4.67723,1
418_5_656,4.63642,2
419_5_470,4.72221,0
419_5_82,4.63848,1
419_5_21,4.61264,2
420_5_470,4.72659,0
420_5_658,4.69155,1
420_5_656,4.65668,2
421_5_470,4.67237,0
421_5_656,4.57167,1
421_5_658,4.5521,2
422_5_470,4.74322,0
422_5_656,4.70264,1
422_5_192,4.69397,2
423_5_470,4.42628,0
423_5_82,4.31562,1
423_5_656,4.29006,2
424_5_470,4.57204,0
424_5_82,4.5092,1
424_5_656,4.49295,2
425_5_470,4.54084,0
425_5_82,4.41548,1
425_5_656,4.40276,2
426_5_470,4.56611,0
426_5_656,4.49416,1
426_5_21,4.44195,2
427_5_470,4.70231,0
427_5_656,4.63876,1
427_5_21,4.62964,2
428_5_470,4.65219,0
428_5_656,4.61608,1
428_5_82,4.56265,2
429_5_470,4.08438,0
429_5_21,4.05032,1
429_5_656,4.02066,2
430_5_470,4.24717,0
430_5_656,4.20185,1
430_5_21,4.16315,2
431_5_470,4.69625,0
431_5_656,4.65988,1
431_5_658,4.62443,2
432_5_470,4.69565,0
432_5_379,4.61912,1
432_5_82,4.61817,2
433_5_470,4.15001,0
433_5_21,4.07555,1
433_5_656,4.07486,2
434_5_470,4.49782,0
434_5_656,4.4294,1
434_5_1195,4.41944,2
435_5_470,4.4685,0
435_5_82,4.42317,1
435_5_379,4.39273,2
436_5_470,4.52487,0
436_5_82,4.45241,1
436_5_1195,4.42406,2
437_5_470,4.7453,0
437_5_82,4.66815,1
437_5_379,4.63002,2
438_5_470,4.52119,0
438_5_82,4.45163,1
438_5_656,4.42302,2
439_5_470,4.4372,0
439_5_656,4.37498,1
439_5_658,4.36583,2
440_5_470,4.52051,0
440_5_656,4.44163,1
440_5_658,4.41646,2
441_5_470,4.70375,0
441_5_21,4.63849,1
441_5_82,4.62235,2
442_5_470,4.61868,0
442_5_82,4.49735,1
442_5_955,4.49315,2
443_5_470,4.68455,0
443_5_656,4.62959,1
443_5_192,4.60162,2
444_5_470,4.72017,0
444_5_82,4.65595,1
444_5_133,4.63962,2
445_5_470,4.35303,0
445_5_82,4.26107,1
445_5_656,4.25826,2
446_5_470,4.23128,0
446_5_656,4.1555,1
446_5_955,4.13447,2
447_5_470,4.3864,0
447_5_82,4.34307,1
447_5_379,4.3141,2
448_5_470,4.84064,0
448_5_82,4.80411,1
448_5_379,4.75183,2
449_5_470,4.41058,0
449_5_656,4.34237,1
449_5_21,4.32126,2
450_5_470,4.74898,0
450_5_573,4.65528,1
450_5_82,4.6548,2
451_5_470,4.33955,0
451_5_82,4.3025,1
451_5_379,4.25162,2
452_5_470,4.52364,0
452_5_658,4.45078,1
452_5_21,4.44981,2
453_5_470,4.70581,0
453_5_82,4.6231,1
453_5_656,4.60174,2
454_5_470,4.4425,0
454_5_21,4.42072,1
454_5_82,4.39102,2
455_5_470,4.41094,0
455_5_21,4.38437,1
455_5_192,4.3384,2
456_5_470,4.59958,0
456_5_82,4.51313,1
456_5_1195,4.46596,2
457_5_470,4.87664,0
457_5_82,4.81729,1
457_5_658,4.81062,2
458_5_470,4.44127,0
458_5_656,4.40972,1
458_5_21,4.38936,2
459_5_470,4.76318,0
459_5_21,4.72621,1
459_5_312,4.72526,2
460_5_470,4.8031,0
460_5_312,4.7285,1
460_5_192,4.72712,2
461_5_470,4.56084,0
461_5_656,4.47156,1
461_5_21,4.46877,2
462_5_470,4.89912,0
462_5_656,4.84397,1
462_5_192,4.79987,2
463_5_470,4.63265,0
463_5_192,4.55839,1
463_5_658,4.555,2
464_5_470,4.70308,0
464_5_656,4.6789,1
464_5_658,4.63473,2
465_5_470,4.68998,0
465_5_379,4.62744,1
465_5_82,4.6267,2
466_5_470,4.8195,0
466_5_192,4.73998,1
466_5_489,4.73618,2
467_5_470,4.82948,0
467_5_489,4.73926,1
467_5_192,4.72984,2
468_5_470,4.75231,0
468_5_21,4.6737,1
468_5_82,4.63949,2
469_5_470,4.62459,0
469_5_21,4.58785,1
469_5_489,4.55709,2
470_5_470,3.80451,0
470_5_21,3.72756,1
470_5_82,3.7186,2
471_5_470,4.66998,0
471_5_82,4.62548,1
471_5_21,4.59752,2
472_5_470,4.68425,0
472_5_82,4.62093,1
472_5_312,4.6091,2
473_5_470,4.64305,0
473_5_82,4.58446,1
473_5_379,4.55947,2
474_5_470,4.73596,0
474_5_656,4.6475,1
474_5_59,4.64322,2
475_5_470,4.70203,0
475_5_21,4.62502,1
475_5_82,4.61349,2
476_5_470,4.70868,0
476_5_21,4.63204,1
476_5_82,4.59777,2
477_5_470,4.53281,0
477_5_656,4.48086,1
477_5_21,4.46844,2
478_5_470,4.38633,0
478_5_21,4.35762,1
478_5_656,4.32862,2
479_5_470,4.60054,0
479_5_955,4.51101,1
479_5_656,4.50731,2
480_5_470,4.46192,0
480_5_656,4.40817,1
480_5_21,4.3878,2
481_5_470,4.62525,0
481_5_82,4.51887,1
481_5_656,4.5096,2
482_5_470,4.71021,0
482_5_656,4.6523,1
482_5_658,4.59265,2
483_5_470,4.66537,0
483_5_573,4.54017,1
483_5_21,4.53903,2
484_5_470,4.78867,0
484_5_82,4.7228,1
484_5_1195,4.70637,2
485_5_470,4.67755,0
485_5_21,4.62165,1
485_5_656,4.59906,2
486_5_470,4.66096,0
486_5_82,4.56499,1
486_5_379,4.55813,2
487_5_470,4.40325,0
487_5_656,4.3673,1
487_5_21,4.35467,2
488_5_470,4.78811,0
488_5_656,4.72617,1
488_5_658,4.70178,2
489_5_470,4.07055,0
489_5_82,3.9813,1
489_5_656,3.94136,2
490_5_470,4.33923,0
490_5_82,4.29168,1
490_5_379,4.24626,2
491_5_470,4.81498,0
491_5_82,4.77548,1
491_5_379,4.759,2
492_5_470,4.72067,0
492_5_82,4.68105,1
492_5_379,4.65385,2
493_5_470,4.77194,0
493_5_82,4.71925,1
493_5_1195,4.70268,2
494_5_470,4.8316,0
494_5_82,4.76007,1
494_5_379,4.7123,2
495_5_470,4.68582,0
495_5_82,4.60858,1
495_5_656,4.56457,2
496_5_470,4.6121,0
496_5_82,4.51848,1
496_5_1237,4.47585,2
497_5_470,4.74427,0
497_5_82,4.70224,1
497_5_379,4.6743,2
498_5_470,4.77816,0
498_5_82,4.7089,1
498_5_21,4.68809,2
499_5_470,4.76477,0
499_5_82,4.68073,1
499_5_955,4.6584,2
500_5_470,4.7719,0
500_5_658,4.68855,1
500_5_82,4.67141,2
501_5_470,4.40157,0
501_5_82,4.32521,1
501_5_1195,4.29857,2
502_5_470,4.62706,0
502_5_82,4.57456,1
502_5_379,4.52823,2
503_5_470,4.77202,0
503_5_82,4.70099,1
503_5_656,4.68682,2
504_5_470,4.76387,0
504_5_656,4.7072,1
504_5_658,4.68044,2
505_5_470,4.75969,0
505_5_82,4.66781,1
505_5_656,4.66135,2
506_5_470,4.76816,0
506_5_656,4.68978,1
506_5_658,4.65108,2
507_5_470,4.34026,0
507_5_656,4.26704,1
507_5_658,4.2528,2
508_5_470,4.76318,0
508_5_21,4.70984,1
508_5_82,4.68963,2
509_5_470,4.73194,0
509_5_656,4.65552,1
509_5_658,4.64065,2
510_5_470,4.75754,0
510_5_656,4.68026,1
510_5_658,4.65735,2
511_5_470,4.61175,0
511_5_656,4.56298,1
511_5_21,4.53615,2
512_5_470,4.71857,0
512_5_656,4.66531,1
512_5_82,4.62649,2
513_5_470,4.7354,0
513_5_656,4.68801,1
513_5_21,4.6486,2
514_5_470,4.44335,0
514_5_21,4.42212,1
514_5_656,4.37761,2
515_5_470,4.71768,0
515_5_21,4.69733,1
515_5_192,4.66556,2
516_5_470,4.84984,0
516_5_656,4.7224,1
516_5_82,4.71952,2
517_5_470,4.67462,0
517_5_82,4.6007,1
517_5_1195,4.55919,2
518_5_470,4.64352,0
518_5_656,4.61175,1
518_5_21,4.5629,2
519_5_470,4.41591,0
519_5_82,4.34997,1
519_5_379,4.30875,2
520_5_470,4.80283,0
520_5_656,4.73855,1
520_5_658,4.73688,2
521_5_470,4.76376,0
521_5_82,4.69508,1
521_5_1195,4.67705,2
522_5_470,4.76657,0
522_5_656,4.69675,1
522_5_21,4.68926,2
523_5_470,4.74824,0
523_5_658,4.65711,1
523_5_82,4.65136,2
524_5_470,4.76959,0
524_5_82,4.66672,1
524_5_658,4.64972,2
525_5_470,4.82721,0
525_5_658,4.77048,1
525_5_656,4.75171,2
526_5_470,4.74358,0
526_5_656,4.66844,1
526_5_658,4.61939,2
527_5_470,4.8484,0
527_5_82,4.78462,1
527_5_1195,4.76179,2
528_5_470,4.2832,0
528_5_21,4.26519,1
528_5_656,4.22762,2
529_5_470,4.69004,0
529_5_21,4.63522,1
529_5_656,4.61686,2
530_5_470,4.24766,0
530_5_21,4.20467,1
530_5_656,4.17502,2
531_5_470,4.34357,0
531_5_21,4.29133,1
531_5_82,4.2891,2
532_5_470,4.20759,0
532_5_21,4.16089,1
532_5_82,4.15323,2
533_5_470,4.23588,0
533_5_82,4.17207,1
533_5_1195,4.14633,2
534_5_470,4.68724,0
534_5_82,4.63821,1
534_5_1195,4.60961,2
535_5_470,4.84371,0
535_5_656,4.76784,1
535_5_192,4.76286,2
536_5_470,4.83372,0
536_5_658,4.74875,1
536_5_82,4.7435,2
537_5_470,4.85944,0
537_5_21,4.79523,1
537_5_82,4.77304,2
538_5_470,4.53541,0
538_5_82,4.47709,1
538_5_379,4.4709,2
539_5_470,4.75722,0
539_5_82,4.70458,1
539_5_379,4.69492,2
540_5_470,4.69886,0
540_5_21,4.61608,1
540_5_656,4.58425,2
541_5_470,4.4876,0
541_5_82,4.39189,1
541_5_573,4.36902,2
542_5_470,4.48621,0
542_5_21,4.3969,1
542_5_82,4.38138,2
543_5_470,4.71421,0
543_5_82,4.6563,1
543_5_379,4.62195,2
544_5_470,4.79885,0
544_5_82,4.74636,1
544_5_379,4.70219,2
545_5_470,4.46256,0
545_5_82,4.41036,1
545_5_21,4.40236,2
546_5_470,4.76503,0
546_5_658,4.71862,1
546_5_656,4.70472,2
547_5_470,4.61792,0
547_5_21,4.53183,1
547_5_192,4.50673,2
548_5_470,4.62336,0
548_5_82,4.54952,1
548_5_312,4.52428,2
549_5_470,4.35162,0
549_5_82,4.32203,1
549_5_379,4.26858,2
550_5_470,4.6915,0
550_5_21,4.64302,1
550_5_192,4.59626,2
551_5_470,4.36472,0
551_5_21,4.28671,1
551_5_489,4.27995,2
552_5_470,4.64641,0
552_5_656,4.60367,1
552_5_21,4.60358,2
553_5_470,4.88365,0
553_5_658,4.83976,1
553_5_656,4.82938,2
554_5_470,4.71483,0
554_5_656,4.65458,1
554_5_658,4.64525,2
555_5_470,4.57379,0
555_5_21,4.5504,1
555_5_192,4.49633,2
556_5_470,4.69495,0
556_5_82,4.60312,1
556_5_21,4.59388,2
557_5_470,4.71708,0
557_5_82,4.66652,1
557_5_379,4.63977,2
558_5_470,4.24011,0
558_5_82,4.1846,1
558_5_1237,4.14585,2
559_5_470,4.34527,0
559_5_82,4.2842,1
559_5_955,4.25572,2
560_5_470,4.3284,0
560_5_955,4.2538,1
560_5_82,4.24678,2
561_5_470,4.68902,0
561_5_656,4.63514,1
561_5_21,4.6183,2
562_5_470,4.6486,0
562_5_82,4.54619,1
562_5_656,4.54277,2
563_5_470,4.82734,0
563_5_82,4.74217,1
563_5_1195,4.72298,2
564_5_470,4.57469,0
564_5_21,4.53247,1
564_5_52,4.52746,2
565_5_470,4.64047,0
565_5_656,4.54655,1
565_5_59,4.53926,2
566_5_470,4.86377,0
566_5_82,4.76755,1
566_5_21,4.75343,2
567_5_470,4.69919,0
567_5_656,4.62581,1
567_5_82,4.59698,2
568_5_470,4.7045,0
568_5_82,4.64506,1
568_5_21,4.63585,2
569_5_470,4.44811,0
569_5_21,4.3916,1
569_5_656,4.36667,2
570_5_470,4.62459,0
570_5_82,4.5598,1
570_5_379,4.52057,2
571_5_470,4.63255,0
571_5_192,4.56014,1
571_5_489,4.55753,2
572_5_470,4.77446,0
572_5_82,4.74484,1
572_5_379,4.69624,2
573_5_470,4.15826,0
573_5_656,4.07961,1
573_5_82,4.07253,2
574_5_470,4.69445,0
574_5_21,4.65609,1
574_5_59,4.60893,2
575_5_470,4.68366,0
575_5_192,4.59518,1
575_5_489,4.59512,2
576_5_470,4.63521,0
576_5_192,4.5428,1
576_5_489,4.54261,2
577_5_470,4.62297,0
577_5_656,4.55669,1
577_5_658,4.54255,2
578_5_470,4.77703,0
578_5_82,4.72506,1
578_5_21,4.6868,2
579_5_470,4.56214,0
579_5_82,4.49719,1
579_5_656,4.46806,2
580_5_470,4.73661,0
580_5_82,4.66041,1
580_5_656,4.65118,2
581_5_470,4.84646,0
581_5_82,4.77345,1
581_5_656,4.76442,2
582_5_470,4.75399,0
582_5_82,4.68552,1
582_5_379,4.66877,2
583_5_470,4.49705,0
583_5_656,4.48182,1
583_5_658,4.41884,2
584_5_470,4.5097,0
584_5_656,4.48915,1
584_5_21,4.44001,2
585_5_470,4.73511,0
585_5_82,4.65149,1
585_5_955,4.63895,2
586_5_470,4.75276,0
586_5_82,4.72431,1
586_5_379,4.69691,2
587_5_470,4.75615,0
587_5_82,4.67751,1
587_5_656,4.64636,2
588_5_470,4.72159,0
588_5_82,4.66732,1
588_5_379,4.59988,2
589_5_470,4.61859,0
589_5_82,4.53104,1
589_5_1195,4.52518,2
590_5_470,4.79326,0
590_5_82,4.72329,1
590_5_658,4.71529,2
591_5_470,4.83658,0
591_5_82,4.74902,1
591_5_656,4.73176,2
592_5_470,4.81214,0
592_5_656,4.74391,1
592_5_82,4.72634,2
593_5_470,4.09849,0
593_5_1195,4.02753,1
593_5_82,4.01983,2
594_5_470,5.72254,0
594_5_82,5.63216,1
594_5_21,5.59068,2
595_5_470,5.7491,0
595_5_82,5.65437,1
595_5_656,5.62498,2
596_5_470,5.71809,0
596_5_82,5.62735,1
596_5_21,5.60164,2
597_5_470,5.73473,0
597_5_82,5.64018,1
597_5_21,5.61771,2
598_5_470,5.40399,0
598_5_82,5.33435,1
598_5_379,5.28655,2
599_5_470,5.53624,0
599_5_21,5.48506,1
599_5_656,5.44061,2
600_5_470,5.5606,0
600_5_656,5.47215,1
600_5_82,5.47212,2
601_5_470,5.40673,0
601_5_82,5.30518,1
601_5_379,5.27978,2
602_5_470,5.63126,0
602_5_82,5.53063,1
602_5_656,5.51119,2
603_5_470,5.66275,0
603_5_82,5.55646,1
603_5_21,5.54725,2
604_5_470,5.64004,0
604_5_656,5.54073,1
604_5_82,5.51956,2
605_5_470,5.68278,0
605_5_82,5.59732,1
605_5_21,5.56829,2
606_5_470,5.53119,0
606_5_82,5.45851,1
606_5_379,5.42368,2
607_5_470,5.62433,0
607_5_82,5.56209,1
607_5_379,5.52275,2
608_5_470,5.66025,0
608_5_82,5.56967,1
608_5_656,5.55198,2
609_5_470,5.7052,0
609_5_82,5.62955,1
609_5_379,5.58782,2
610_5_470,5.70951,0
610_5_82,5.61365,1
610_5_21,5.5817,2
611_5_470,5.70454,0
611_5_82,5.63235,1
611_5_379,5.59423,2
612_5_470,5.69714,0
612_5_82,5.59595,1
612_5_656,5.59209,2
613_5_470,5.72533,0
613_5_82,5.63581,1
613_5_379,5.59763,2
614_5_470,5.67658,0
614_5_82,5.58328,1
614_5_656,5.57327,2
615_5_470,5.73283,0
615_5_82,5.64265,1
615_5_379,5.60055,2
616_5_470,5.72632,0
616_5_82,5.63343,1
616_5_656,5.60156,2
617_5_470,5.72177,0
617_5_82,5.62743,1
617_5_21,5.59183,2
618_5_470,5.27634,0
618_5_82,5.20757,1
618_5_379,5.18349,2
619_5_470,5.47529,0
619_5_82,5.41221,1
619_5_379,5.38291,2
620_5_470,4.74579,0
620_5_82,4.70549,1
620_5_379,4.67201,2
621_5_470,4.78847,0
621_5_82,4.71786,1
621_5_379,4.69173,2
622_5_470,4.67261,0
622_5_82,4.55811,1
622_5_21,4.5263,2
623_5_470,4.57209,0
623_5_21,4.52718,1
623_5_82,4.51238,2
624_5_470,4.84406,0
624_5_21,4.75807,1
624_5_1237,4.74631,2
625_5_470,4.79847,0
625_5_82,4.71201,1
625_5_379,4.69969,2
626_5_470,4.5747,0
626_5_21,4.53809,1
626_5_82,4.51774,2
627_5_470,4.69055,0
627_5_21,4.65995,1
627_5_82,4.6191,2
628_5_470,4.68509,0
628_5_82,4.62365,1
628_5_1195,4.56828,2
629_5_470,4.66667,0
629_5_82,4.58857,1
629_5_1195,4.56747,2
630_5_470,4.72015,0
630_5_82,4.63292,1
630_5_1195,4.58552,2
631_5_470,4.59205,0
631_5_656,4.5132,1
631_5_658,4.50441,2
632_5_470,4.55418,0
632_5_82,4.50069,1
632_5_379,4.46743,2
633_5_470,4.8221,0
633_5_82,4.78967,1
633_5_379,4.7508,2
634_5_470,4.75034,0
634_5_82,4.70956,1
634_5_379,4.66253,2
635_5_470,4.62131,0
635_5_82,4.52628,1
635_5_573,4.51114,2
636_5_470,4.70329,0
636_5_21,4.66051,1
636_5_82,4.64714,2
637_5_470,4.73589,0
637_5_656,4.64479,1
637_5_21,4.64006,2
638_5_470,4.55682,0
638_5_82,4.50433,1
638_5_379,4.47658,2
639_5_470,4.65465,0
639_5_59,4.57345,1
639_5_21,4.5526,2
640_5_470,4.81614,0
640_5_21,4.73844,1
640_5_82,4.72798,2
641_5_470,4.80053,0
641_5_82,4.75998,1
641_5_379,4.71226,2
642_5_470,4.68949,0
642_5_82,4.64058,1
642_5_379,4.60457,2
643_5_470,4.72851,0
643_5_59,4.65143,1
643_5_82,4.63304,2
644_5_470,4.76955,0
644_5_1237,4.69392,1
644_5_656,4.68433,2
645_5_470,4.81055,0
645_5_59,4.7403,1
645_5_82,4.70671,2
646_5_470,4.77218,0
646_5_59,4.68216,1
646_5_82,4.67013,2
647_5_470,4.76027,0
647_5_82,4.71784,1
647_5_379,4.69466,2
648_5_470,4.81206,0
648_5_82,4.74086,1
648_5_379,4.72362,2
649_5_470,4.54305,0
649_5_82,4.45577,1
649_5_59,4.41149,2
650_5_470,4.44768,0
650_5_82,4.34482,1
650_5_1237,4.29743,2
651_5_470,4.46006,0
651_5_82,4.38118,1
651_5_1195,4.34177,2
652_5_470,4.4078,0
652_5_955,4.30477,1
652_5_1195,4.28833,2
653_5_470,4.55647,0
653_5_82,4.45857,1
653_5_379,4.41943,2
654_5_470,4.37806,0
654_5_82,4.2725,1
654_5_1237,4.23136,2
655_5_470,4.83647,0
655_5_82,4.79944,1
655_5_379,4.76115,2
656_5_470,4.02059,0
656_5_82,3.9718,1
656_5_379,3.94728,2
657_5_470,4.72153,0
657_5_82,4.65608,1
657_5_656,4.63116,2
658_5_470,4.01566,0
658_5_82,3.94802,1
658_5_21,3.92398,2
659_5_470,4.22546,0
659_5_82,4.13977,1
659_5_21,4.10774,2
660_5_470,4.28383,0
660_5_82,4.1969,1
660_5_379,4.17832,2
661_5_470,4.74082,0
661_5_82,4.68647,1
661_5_379,4.68155,2
662_5_470,4.64083,0
662_5_82,4.57664,1
662_5_59,4.56386,2
663_5_470,4.30678,0
663_5_82,4.23556,1
663_5_59,4.21928,2
664_5_470,4.6868,0
664_5_59,4.60803,1
664_5_82,4.60169,2
665_5_470,4.67108,0
665_5_82,4.62456,1
665_5_1195,4.60184,2
666_5_470,4.47174,0
666_5_1195,4.39232,1
666_5_82,4.38931,2
667_5_470,4.77542,0
667_5_82,4.69913,1
667_5_379,4.65006,2
668_5_470,4.42582,0
668_5_1195,4.36811,1
668_5_955,4.33867,2
669_5_470,4.46966,0
669_5_656,4.42,1
669_5_21,4.38507,2
670_5_470,4.57119,0
670_5_955,4.4653,1
670_5_82,4.45467,2
671_5_470,4.71317,0
671_5_82,4.58556,1
671_5_1237,4.554,2
672_5_470,4.69857,0
672_5_82,4.57724,1
672_5_379,4.52851,2
673_5_470,4.66855,0
673_5_82,4.58008,1
673_5_192,4.56133,2
674_5_470,4.73421,0
674_5_82,4.61626,1
674_5_192,4.603,2
675_5_470,4.66594,0
675_5_21,4.58182,1
675_5_82,4.57748,2
676_5_470,4.19846,0
676_5_82,4.10172,1
676_5_59,4.09947,2
677_5_470,4.74926,0
677_5_82,4.61618,1
677_5_433,4.60577,2
678_5_470,4.5485,0
678_5_82,4.51176,1
678_5_379,4.48665,2
679_5_470,4.619,0
679_5_82,4.58503,1
679_5_379,4.55075,2
680_5_470,4.53137,0
680_5_82,4.46224,1
680_5_1195,4.41352,2
681_5_470,4.68625,0
681_5_82,4.6185,1
681_5_59,4.59787,2
682_5_470,4.54132,0
682_5_82,4.49755,1
682_5_379,4.46036,2
683_5_470,4.75162,0
683_5_82,4.71567,1
683_5_379,4.70183,2
684_5_470,4.83132,0
684_5_82,4.78082,1
684_5_379,4.76787,2
685_5_470,4.55678,0
685_5_82,4.51355,1
685_5_379,4.48929,2
686_5_470,4.79897,0
686_5_489,4.7197,1
686_5_21,4.71456,2
687_5_470,4.66524,0
687_5_59,4.58302,1
687_5_21,4.55672,2
688_5_470,4.7869,0
688_5_1237,4.66565,1
688_5_658,4.66114,2
689_5_470,4.39028,0
689_5_59,4.31475,1
689_5_82,4.29888,2
690_5_470,4.32436,0
690_5_1195,4.26929,1
690_5_82,4.25529,2
691_5_470,4.65263,0
691_5_82,4.60838,1
691_5_379,4.58152,2
692_5_470,4.70375,0
692_5_82,4.64997,1
692_5_379,4.63964,2
693_5_470,4.72633,0
693_5_1195,4.64777,1
693_5_656,4.64723,2
694_5_470,4.80181,0
694_5_82,4.72528,1
694_5_59,4.69749,2
695_5_470,4.81217,0
695_5_82,4.72881,1
695_5_59,4.69845,2
696_5_470,4.74853,0
696_5_82,4.67512,1
696_5_59,4.6585,2
697_5_470,4.75671,0
697_5_656,4.67342,1
697_5_955,4.66766,2
698_5_470,4.69282,0
698_5_82,4.61397,1
698_5_379,4.59808,2
699_5_470,4.74345,0
699_5_82,4.64301,1
699_5_21,4.63604,2
700_5_470,4.74544,0
700_5_82,4.64373,1
700_5_433,4.63944,2
701_5_470,4.67303,0
701_5_82,4.59276,1
701_5_21,4.56868,2
702_5_470,4.33977,0
702_5_656,4.25828,1
702_5_82,4.25225,2
703_5_470,4.65056,0
703_5_82,4.60289,1
703_5_379,4.57984,2
704_5_470,4.72358,0
704_5_82,4.69196,1
704_5_379,4.67151,2
705_5_470,4.77012,0
705_5_82,4.71365,1
705_5_1195,4.69033,2
706_5_470,4.70663,0
706_5_82,4.63764,1
706_5_1195,4.62486,2
707_5_470,4.83534,0
707_5_21,4.74452,1
707_5_82,4.74076,2
708_5_470,4.8105,0
708_5_59,4.70908,1
708_5_82,4.69676,2
709_5_470,4.71665,0
709_5_82,4.64984,1
709_5_379,4.64585,2
710_5_470,4.78386,0
710_5_82,4.72662,1
710_5_379,4.70664,2
711_5_470,4.71412,0
711_5_82,4.62307,1
711_5_21,4.61846,2
712_5_470,4.67152,0
712_5_82,4.5792,1
712_5_21,4.56577,2
713_5_470,4.79149,0
713_5_1237,4.71366,1
713_5_59,4.70035,2
714_5_470,4.62706,0
714_5_82,4.52922,1
714_5_21,4.50986,2
715_5_470,4.53038,0
715_5_21,4.4613,1
715_5_82,4.45256,2
716_5_470,4.63153,0
716_5_656,4.53282,1
716_5_82,4.49583,2
717_5_470,4.67674,0
717_5_1195,4.62013,1
717_5_82,4.59754,2
718_5_470,4.50845,0
718_5_82,4.42915,1
718_5_21,4.41429,2
719_5_470,4.65253,0
719_5_21,4.5592,1
719_5_82,4.53395,2
720_5_470,4.26765,0
720_5_21,4.19774,1
720_5_82,4.19169,2
721_5_470,4.75875,0
721_5_658,4.66484,1
721_5_656,4.66289,2
722_5_470,4.3455,0
722_5_656,4.25465,1
722_5_82,4.2493,2
723_5_470,4.43757,0
723_5_82,4.38119,1
723_5_59,4.34686,2
724_5_470,4.38955,0
724_5_82,4.32577,1
724_5_379,4.2955,2
725_5_470,4.56334,0
725_5_82,4.51084,1
725_5_379,4.48168,2
726_5_470,4.74384,0
726_5_82,4.67554,1
726_5_379,4.66308,2
727_5_470,4.82363,0
727_5_82,4.75835,1
727_5_1195,4.72235,2
728_5_470,4.65254,0
728_5_656,4.6156,1
728_5_21,4.58175,2
729_5_470,4.77841,0
729_5_82,4.71195,1
729_5_379,4.66771,2
730_5_470,4.7037,0
730_5_82,4.61774,1
730_5_658,4.60044,2
731_5_470,4.64465,0
731_5_82,4.5804,1
731_5_379,4.57195,2
732_5_470,4.72359,0
732_5_82,4.63067,1
732_5_955,4.62397,2
733_5_470,4.51388,0
733_5_21,4.45836,1
733_5_82,4.42014,2
734_5_470,4.6661,0
734_5_82,4.62564,1
734_5_379,4.60255,2
735_5_470,4.80283,0
735_5_82,4.74684,1
735_5_379,4.72095,2
736_5_470,4.70938,0
736_5_82,4.64599,1
736_5_379,4.62491,2
737_5_470,4.785,0
737_5_82,4.70371,1
737_5_955,4.69904,2
738_5_470,4.54258,0
738_5_82,4.48741,1
738_5_379,4.45603,2
739_5_470,4.76431,0
739_5_82,4.71404,1
739_5_379,4.66436,2
740_5_470,4.82158,0
740_5_82,4.74949,1
740_5_658,4.73914,2
741_5_470,4.74058,0
741_5_82,4.65898,1
741_5_59,4.64954,2
742_5_470,4.69444,0
742_5_82,4.6271,1
742_5_379,4.61175,2
743_5_470,4.77061,0
743_5_82,4.68357,1
743_5_59,4.65056,2
744_5_470,4.78271,0
744_5_82,4.71625,1
744_5_59,4.69782,2
745_5_470,4.81963,0
745_5_21,4.75188,1
745_5_656,4.72159,2
746_5_470,4.72857,0
746_5_82,4.67473,1
746_5_379,4.64963,2
747_5_470,4.82022,0
747_5_658,4.75405,1
747_5_656,4.73464,2
748_5_470,4.89278,0
748_5_82,4.82503,1
748_5_1237,4.78893,2
749_5_470,4.51752,0
749_5_82,4.49335,1
749_5_379,4.45633,2
750_5_470,4.67605,0
750_5_59,4.59342,1
750_5_1237,4.58387,2
751_5_470,4.68092,0
751_5_59,4.58895,1
751_5_1237,4.57086,2
752_5_470,4.42383,0
752_5_379,4.35812,1
752_5_82,4.35759,2
753_5_470,4.64147,0
753_5_82,4.54817,1
753_5_379,4.54237,2
754_5_470,4.75049,0
754_5_82,4.67305,1
754_5_379,4.66393,2
755_5_470,4.75281,0
755_5_82,4.63124,1
755_5_379,4.5969,2
756_5_470,4.68975,0
756_5_82,4.64015,1
756_5_1195,4.61239,2
757_5_470,4.67616,0
757_5_82,4.62633,1
757_5_1195,4.60618,2
758_5_470,4.57336,0
758_5_82,4.51933,1
758_5_379,4.49625,2
759_5_470,4.55471,0
759_5_82,4.52933,1
759_5_379,4.48351,2
760_5_470,4.67225,0
760_5_82,4.63453,1
760_5_379,4.59843,2
761_5_470,4.61053,0
761_5_433,4.50751,1
761_5_82,4.50412,2
762_5_470,4.76051,0
762_5_82,4.68223,1
762_5_379,4.65663,2
763_5_470,4.73827,0
763_5_82,4.66525,1
763_5_379,4.62916,2
764_5_470,4.69394,0
764_5_82,4.6296,1
764_5_573,4.61319,2
765_5_470,4.64415,0
765_5_82,4.52102,1
765_5_656,4.49525,2
766_5_470,4.76783,0
766_5_82,4.63352,1
766_5_1237,4.62199,2
767_5_470,4.79132,0
767_5_82,4.68105,1
767_5_1237,4.64986,2
768_5_470,4.57555,0
768_5_658,4.47594,1
768_5_82,4.46863,2
769_5_470,4.37182,0
769_5_82,4.30681,1
769_5_1195,4.26516,2
770_5_470,4.41957,0
770_5_82,4.35253,1
770_5_59,4.33964,2
771_5_470,4.49808,0
771_5_82,4.45419,1
771_5_21,4.40526,2
772_5_470,4.65064,0
772_5_82,4.62426,1
772_5_379,4.59867,2
773_5_470,4.58435,0
773_5_82,4.53294,1
773_5_379,4.50776,2
774_5_470,4.7229,0
774_5_82,4.6703,1
774_5_379,4.64878,2
775_5_470,4.71204,0
775_5_82,4.64711,1
775_5_656,4.61365,2
776_5_470,4.82907,0
776_5_82,4.75889,1
776_5_955,4.7326,2
777_5_470,4.81878,0
777_5_82,4.69633,1
777_5_955,4.66384,2
778_5_470,4.80909,0
778_5_1195,4.71377,1
778_5_955,4.7053,2
779_5_470,4.70944,0
779_5_82,4.65115,1
779_5_379,4.64513,2
780_5_470,4.47283,0
780_5_21,4.37956,1
780_5_59,4.35066,2
781_5_470,4.70781,0
781_5_82,4.6578,1
781_5_379,4.63288,2
782_5_470,4.55994,0
782_5_82,4.50055,1
782_5_379,4.48016,2
783_5_470,4.2725,0
783_5_59,4.18381,1
783_5_82,4.17417,2
784_5_470,4.4538,0
784_5_82,4.38173,1
784_5_379,4.36666,2
785_5_470,4.54583,0
785_5_82,4.50644,1
785_5_379,4.48919,2
786_5_470,4.72811,0
786_5_82,4.68965,1
786_5_379,4.65539,2
787_5_470,4.70129,0
787_5_82,4.65744,1
787_5_379,4.63626,2
788_5_470,4.66431,0
788_5_82,4.56388,1
788_5_379,4.53671,2
789_5_470,4.81556,0
789_5_1195,4.75424,1
789_5_82,4.7354,2
790_5_470,4.68456,0
790_5_82,4.63022,1
790_5_379,4.5898,2
791_5_470,4.83865,0
791_5_82,4.72654,1
791_5_1237,4.68194,2
792_5_470,4.76845,0
792_5_82,4.68543,1
792_5_1195,4.6667,2
793_5_470,4.78151,0
793_5_59,4.67834,1
793_5_82,4.67753,2
794_5_470,4.75919,0
794_5_82,4.69591,1
794_5_1195,4.68557,2
795_5_470,4.61993,0
795_5_21,4.55604,1
795_5_1195,4.53746,2
796_5_470,4.62398,0
796_5_955,4.53789,1
796_5_82,4.51269,2
797_5_470,4.73341,0
797_5_21,4.68871,1
797_5_656,4.66499,2
798_5_470,4.71734,0
798_5_82,4.65008,1
798_5_379,4.62616,2
799_5_470,4.57986,0
799_5_82,4.47671,1
799_5_1237,4.46682,2
800_5_470,4.5858,0
800_5_82,4.54546,1
800_5_379,4.50404,2
801_5_470,4.58926,0
801_5_82,4.55848,1
801_5_379,4.52234,2
802_5_470,4.79435,0
802_5_82,4.73194,1
802_5_379,4.67747,2
803_5_470,4.45756,0
803_5_82,4.3877,1
803_5_955,4.36423,2
804_5_470,4.60462,0
804_5_955,4.52615,1
804_5_82,4.52458,2
805_5_470,4.79439,0
805_5_82,4.72894,1
805_5_379,4.69127,2
806_5_470,4.56462,0
806_5_82,4.46558,1
806_5_21,4.45826,2
807_5_470,4.4352,0
807_5_59,4.38468,1
807_5_82,4.35224,2
808_5_470,4.80646,0
808_5_82,4.77989,1
808_5_379,4.73339,2
809_5_470,4.75217,0
809_5_59,4.68431,1
809_5_82,4.67792,2
810_5_470,4.81941,0
810_5_658,4.71265,1
810_5_656,4.70947,2
811_5_470,4.7791,0
811_5_82,4.71638,1
811_5_379,4.69546,2
812_5_470,4.64703,0
812_5_59,4.60171,1
812_5_82,4.59605,2
813_5_470,4.78896,0
813_5_82,4.72145,1
813_5_379,4.69694,2
814_5_470,4.71871,0
814_5_82,4.68484,1
814_5_379,4.64038,2
815_5_470,4.69849,0
815_5_82,4.63648,1
815_5_379,4.61934,2
816_5_470,4.81304,0
816_5_82,4.71849,1
816_5_379,4.68419,2
817_5_470,4.54708,0
817_5_82,4.49816,1
817_5_379,4.4715,2
818_5_470,4.64517,0
818_5_656,4.60785,1
818_5_658,4.58207,2
819_5_470,4.79177,0
819_5_82,4.70175,1
819_5_379,4.68503,2
820_5_470,4.79405,0
820_5_82,4.71078,1
820_5_192,4.67934,2
821_5_470,4.54435,0
821_5_82,4.4691,1
821_5_1237,4.45071,2
822_5_470,4.67166,0
822_5_82,4.5826,1
822_5_658,4.54588,2
823_5_470,4.61473,0
823_5_21,4.57152,1
823_5_489,4.54963,2
824_5_470,4.7569,0
824_5_82,4.70131,1
824_5_379,4.64859,2
825_5_470,4.72646,0
825_5_21,4.59937,1
825_5_656,4.59677,2
826_5_470,4.80652,0
826_5_1195,4.70015,1
826_5_955,4.69939,2
827_5_470,4.73714,0
827_5_955,4.66334,1
827_5_1195,4.64771,2
828_5_470,4.38158,0
828_5_21,4.3438,1
828_5_82,4.31455,2
829_5_470,4.4117,0
829_5_656,4.33571,1
829_5_1195,4.30412,2
830_5_470,4.49523,0
830_5_82,4.37714,1
830_5_192,4.37221,2
831_5_470,4.779,0
831_5_82,4.66839,1
831_5_59,4.65458,2
832_5_470,4.38238,0
832_5_82,4.34658,1
832_5_1195,4.29912,2
833_5_470,4.75679,0
833_5_82,4.71711,1
833_5_379,4.6642,2
834_5_470,4.71896,0
834_5_82,4.66074,1
834_5_1195,4.64485,2
835_5_470,4.67907,0
835_5_82,4.59853,1
835_5_573,4.59531,2
836_5_470,4.73633,0
836_5_82,4.64841,1
836_5_573,4.64204,2
837_5_470,4.75658,0
837_5_656,4.64499,1
837_5_658,4.62851,2
838_5_470,4.80822,0
838_5_82,4.74438,1
838_5_59,4.70634,2
839_5_470,4.60104,0
839_5_21,4.50563,1
839_5_137,4.50435,2
840_5_470,4.56256,0
840_5_1237,4.47642,1
840_5_82,4.47095,2
841_5_470,4.40988,0
841_5_82,4.37438,1
841_5_1195,4.33701,2
842_5_470,4.64679,0
842_5_82,4.59756,1
842_5_21,4.56446,2
843_5_470,4.75,0
843_5_82,4.66962,1
843_5_1195,4.64276,2
844_5_470,4.47801,0
844_5_656,4.40387,1
844_5_1195,4.36756,2
845_5_470,4.65695,0
845_5_656,4.58521,1
845_5_82,4.5737,2
846_5_470,4.75916,0
846_5_955,4.63493,1
846_5_656,4.63358,2
847_5_470,4.57298,0
847_5_82,4.5113,1
847_5_192,4.48661,2
848_5_470,4.56703,0
848_5_82,4.52351,1
848_5_1195,4.48736,2
849_5_470,4.51715,0
849_5_82,4.49069,1
849_5_379,4.46531,2
850_5_470,4.65138,0
850_5_82,4.61377,1
850_5_379,4.59815,2
851_5_470,4.43765,0
851_5_82,4.35615,1
851_5_21,4.34706,2
852_5_470,4.72781,0
852_5_82,4.66885,1
852_5_379,4.6557,2
853_5_470,4.7405,0
853_5_82,4.67454,1
853_5_1195,4.6554,2
854_5_470,4.57992,0
854_5_21,4.49849,1
854_5_82,4.47218,2
855_5_470,4.68861,0
855_5_82,4.63574,1
855_5_379,4.62211,2
856_5_470,4.38031,0
856_5_82,4.33825,1
856_5_379,4.31788,2
857_5_470,4.28362,0
857_5_21,4.2308,1
857_5_82,4.20375,2
858_5_470,4.78623,0
858_5_82,4.71039,1
858_5_21,4.69949,2
859_5_470,4.39988,0
859_5_21,4.34565,1
859_5_489,4.31141,2
860_5_470,4.40335,0
860_5_82,4.31078,1
860_5_1237,4.31004,2
861_5_470,4.72889,0
861_5_1237,4.65839,1
861_5_59,4.63988,2
862_5_470,4.67441,0
862_5_82,4.58816,1
862_5_433,4.56362,2
863_5_470,4.77951,0
863_5_21,4.69162,1
863_5_658,4.67737,2
864_5_470,4.43334,0
864_5_1195,4.36863,1
864_5_955,4.35411,2
865_5_470,4.44331,0
865_5_82,4.36863,1
865_5_379,4.34745,2
866_5_470,4.64689,0
866_5_82,4.60341,1
866_5_379,4.56184,2
867_5_470,4.69032,0
867_5_82,4.63622,1
867_5_379,4.59806,2
868_5_470,4.74124,0
868_5_82,4.68379,1
868_5_379,4.64287,2
869_5_470,4.61852,0
869_5_82,4.54423,1
869_5_1195,4.50577,2
870_5_470,4.65743,0
870_5_1237,4.57996,1
870_5_656,4.574,2
871_5_470,4.79585,0
871_5_82,4.72066,1
871_5_379,4.6632,2
872_5_470,4.56805,0
872_5_82,4.50284,1
872_5_379,4.45728,2
873_5_470,4.73082,0
873_5_82,4.6671,1
873_5_379,4.62562,2
874_5_470,4.8156,0
874_5_82,4.71819,1
874_5_656,4.67297,2
875_5_470,4.72245,0
875_5_1237,4.64734,1
875_5_82,4.63463,2
876_5_470,4.84316,0
876_5_21,4.81004,1
876_5_192,4.80874,2
877_5_470,4.80072,0
877_5_82,4.75176,1
877_5_1195,4.70714,2
878_5_470,4.67713,0
878_5_82,4.62104,1
878_5_1195,4.59373,2
879_5_470,4.64746,0
879_5_82,4.56603,1
879_5_379,4.54453,2
880_5_470,4.79836,0
880_5_82,4.7422,1
880_5_21,4.73982,2
881_5_470,4.70451,0
881_5_82,4.6575,1
881_5_379,4.62143,2
882_5_470,4.67014,0
882_5_82,4.58426,1
882_5_379,4.56063,2
883_5_470,4.68333,0
883_5_82,4.59139,1
883_5_379,4.5767,2
884_5_470,4.7448,0
884_5_656,4.67873,1
884_5_82,4.6619,2
885_5_470,4.738,0
885_5_82,4.64627,1
885_5_379,4.62875,2
886_5_470,4.80208,0
886_5_82,4.69734,1
886_5_379,4.67847,2
887_5_470,4.80283,0
887_5_82,4.71872,1
887_5_379,4.69501,2
888_5_470,4.6239,0
888_5_21,4.55698,1
888_5_656,4.52041,2
889_5_470,4.77405,0
889_5_82,4.69968,1
889_5_379,4.68189,2
890_5_470,4.59573,0
890_5_82,4.49024,1
890_5_955,4.46326,2
891_5_470,4.69976,0
891_5_82,4.62237,1
891_5_379,4.60177,2
892_5_470,4.64054,0
892_5_82,4.57173,1
892_5_192,4.56746,2
893_5_470,4.74433,0
893_5_21,4.69958,1
893_5_192,4.66066,2
894_5_470,4.57847,0
894_5_82,4.48044,1
894_5_379,4.44897,2
895_5_470,4.6547,0
895_5_21,4.59088,1
895_5_573,4.5769,2
896_5_470,4.74039,0
896_5_82,4.64611,1
896_5_379,4.62752,2
897_5_470,4.66604,0
897_5_82,4.64134,1
897_5_379,4.5968,2
898_5_470,4.06566,0
898_5_82,3.98632,1
898_5_21,3.96421,2
899_5_470,4.56396,0
899_5_82,4.49888,1
899_5_1237,4.49568,2
900_5_470,4.56561,0
900_5_59,4.46974,1
900_5_1237,4.4537,2
901_5_470,4.69522,0
901_5_59,4.63267,1
901_5_82,4.60682,2
902_5_470,4.7087,0
902_5_59,4.60833,1
902_5_82,4.60249,2
903_5_470,4.73395,0
903_5_21,4.70159,1
903_5_82,4.66143,2
904_5_470,4.71591,0
904_5_1195,4.65811,1
904_5_82,4.65735,2
905_5_470,4.44325,0
905_5_21,4.41754,1
905_5_82,4.36814,2
906_5_470,4.83551,0
906_5_21,4.76997,1
906_5_192,4.74627,2
907_5_470,4.67957,0
907_5_21,4.64577,1
907_5_82,4.62728,2
908_5_470,4.352,0
908_5_82,4.25532,1
908_5_433,4.23067,2
909_5_470,4.37807,0
909_5_82,4.27993,1
909_5_433,4.26341,2
910_5_470,4.56396,0
910_5_656,4.49184,1
910_5_82,4.48586,2
911_5_470,4.42925,0
911_5_21,4.36092,1
911_5_1237,4.34941,2
912_5_470,4.64086,0
912_5_955,4.54895,1
912_5_82,4.53101,2
913_5_470,4.63448,0
913_5_21,4.5415,1
913_5_658,4.53506,2
914_5_470,4.79568,0
914_5_82,4.74079,1
914_5_379,4.67283,2
915_5_470,4.76095,0
915_5_82,4.69758,1
915_5_379,4.64005,2
916_5_470,4.63633,0
916_5_21,4.62246,1
916_5_82,4.56664,2
917_5_470,4.76893,0
917_5_82,4.70197,1
917_5_379,4.68608,2
918_5_470,4.82966,0
918_5_82,4.74628,1
918_5_379,4.72884,2
919_5_470,4.85417,0
919_5_82,4.78121,1
919_5_658,4.77471,2
920_5_470,4.75254,0
920_5_21,4.71516,1
920_5_192,4.6603,2
921_5_470,4.33036,0
921_5_656,4.28187,1
921_5_21,4.27709,2
922_5_470,4.83258,0
922_5_82,4.75133,1
922_5_379,4.73386,2
923_5_470,4.903,0
923_5_82,4.81795,1
923_5_21,4.78705,2
924_5_470,4.80726,0
924_5_21,4.74462,1
924_5_656,4.72051,2
925_5_470,4.85776,0
925_5_82,4.79637,1
925_5_658,4.72863,2
926_5_470,4.85549,0
926_5_21,4.78627,1
926_5_593,4.75467,2
927_5_470,4.82833,0
927_5_21,4.74373,1
927_5_82,4.73578,2
928_5_470,4.92128,0
928_5_82,4.82833,1
928_5_658,4.82821,2
929_5_470,4.90653,0
929_5_82,4.85651,1
929_5_21,4.81062,2
930_5_470,4.92726,0
930_5_21,4.84001,1
930_5_658,4.83767,2
931_5_470,4.8027,0
931_5_82,4.75171,1
931_5_21,4.7223,2
932_5_470,4.80409,0
932_5_21,4.71662,1
932_5_573,4.70815,2
933_5_21,4.82967,0
933_5_470,4.82608,1
933_5_82,4.76423,2
934_5_21,4.71658,0
934_5_470,4.7151,1
934_5_52,4.65241,2
935_5_470,4.8024,0
935_5_82,4.75408,1
935_5_21,4.73293,2
936_5_470,4.87633,0
936_5_21,4.77268,1
936_5_593,4.76167,2
937_5_470,4.76201,0
937_5_82,4.72697,1
937_5_379,4.69814,2
938_5_470,4.90537,0
938_5_82,4.83137,1
938_5_192,4.80772,2
939_5_470,4.84268,0
939_5_82,4.78796,1
939_5_21,4.75004,2
940_5_470,4.8423,0
940_5_82,4.76492,1
940_5_593,4.73136,2
941_5_470,4.77707,0
941_5_658,4.72317,1
941_5_21,4.72227,2
942_5_470,4.81163,0
942_5_82,4.72846,1
942_5_379,4.6985,2
943_5_470,4.88053,0
943_5_21,4.82334,1
943_5_82,4.78148,2
944_5_470,4.83949,0
944_5_82,4.78799,1
944_5_379,4.75389,2
945_5_470,4.91015,0
945_5_82,4.83103,1
945_5_379,4.79795,2
946_5_470,4.88901,0
946_5_82,4.79229,1
946_5_21,4.78237,2
947_5_470,4.82849,0
947_5_192,4.80386,1
947_5_489,4.79927,2
948_5_470,4.54921,0
948_5_82,4.46742,1
948_5_379,4.41665,2
949_5_470,4.61021,0
949_5_82,4.52499,1
949_5_433,4.4788,2
950_5_470,4.62706,0
950_5_82,4.52328,1
950_5_658,4.49152,2
951_5_470,4.59452,0
951_5_21,4.55846,1
951_5_192,4.54322,2
952_5_470,4.46651,0
952_5_82,4.40444,1
952_5_379,4.38234,2
953_5_470,4.84249,0
953_5_21,4.78607,1
953_5_192,4.77506,2
954_5_470,4.8422,0
954_5_82,4.77746,1
954_5_658,4.75976,2
955_5_470,4.17677,0
955_5_21,4.14036,1
955_5_82,4.10408,2
956_5_470,4.35096,0
956_5_21,4.2799,1
956_5_82,4.26131,2
957_5_470,4.47121,0
957_5_82,4.37519,1
957_5_21,4.37429,2
958_5_470,4.72232,0
958_5_82,4.65967,1
958_5_379,4.65155,2
959_5_470,4.51283,0
959_5_21,4.45448,1
959_5_82,4.45234,2
960_5_470,4.45171,0
960_5_82,4.38249,1
960_5_21,4.37311,2
961_5_470,4.4801,0
961_5_82,4.42443,1
961_5_379,4.39027,2
962_5_470,4.68073,0
962_5_82,4.63047,1
962_5_379,4.59942,2
963_5_470,4.62292,0
963_5_82,4.54336,1
963_5_658,4.53852,2
964_5_470,4.84742,0
964_5_82,4.78861,1
964_5_379,4.74782,2
965_5_470,4.61458,0
965_5_658,4.55916,1
965_5_192,4.54289,2
966_5_470,4.61792,0
966_5_192,4.54879,1
966_5_658,4.54204,2
967_5_470,4.68565,0
967_5_658,4.5907,1
967_5_192,4.58263,2
968_5_470,4.91226,0
968_5_82,4.8419,1
968_5_21,4.81789,2
969_5_470,4.76755,0
969_5_82,4.66845,1
969_5_379,4.6404,2
970_5_470,4.80916,0
970_5_192,4.74402,1
970_5_658,4.72545,2
971_5_470,4.83272,0
971_5_192,4.75596,1
971_5_658,4.73976,2
972_5_470,4.51219,0
972_5_82,4.44253,1
972_5_379,4.40758,2
973_5_470,4.34758,0
973_5_82,4.26854,1
973_5_192,4.24061,2
974_5_470,4.60703,0
974_5_82,4.51827,1
974_5_658,4.51533,2
975_5_470,4.58882,0
975_5_82,4.56864,1
975_5_379,4.53395,2
976_5_470,4.5657,0
976_5_82,4.54636,1
976_5_379,4.50586,2
977_5_470,4.68659,0
977_5_82,4.61867,1
977_5_21,4.60263,2
978_5_470,4.80047,0
978_5_82,4.73814,1
978_5_21,4.70454,2
979_5_470,4.60737,0
979_5_82,4.58338,1
979_5_379,4.54069,2
980_5_470,4.74666,0
980_5_82,4.72459,1
980_5_379,4.69602,2
981_5_470,4.76545,0
981_5_82,4.70714,1
981_5_379,4.66561,2
982_5_470,4.60819,0
982_5_21,4.58432,1
982_5_82,4.55644,2
983_5_470,4.57118,0
983_5_21,4.56139,1
983_5_192,4.51542,2
984_5_470,4.70553,0
984_5_21,4.66885,1
984_5_192,4.63348,2
985_5_470,4.74422,0
985_5_21,4.71771,1
985_5_192,4.70017,2
986_5_470,4.40614,0
986_5_82,4.33665,1
986_5_21,4.31902,2
987_5_470,4.58966,0
987_5_21,4.55791,1
987_5_82,4.53114,2
988_5_470,4.8445,0
988_5_21,4.80449,1
988_5_82,4.79964,2
989_5_470,4.92347,0
989_5_82,4.86926,1
989_5_21,4.86494,2
990_5_470,4.88225,0
990_5_192,4.82964,1
990_5_21,4.8181,2
991_5_470,4.9856,0
991_5_192,4.91131,1
991_5_489,4.90396,2
992_5_470,4.93722,0
992_5_192,4.86666,1
992_5_489,4.86116,2
993_5_470,4.86554,0
993_5_658,4.80655,1
993_5_192,4.79376,2
994_5_470,4.90474,0
994_5_658,4.84136,1
994_5_656,4.82079,2
995_5_470,4.86468,0
995_5_82,4.79058,1
995_5_192,4.78184,2
996_5_470,4.77643,0
996_5_21,4.73376,1
996_5_192,4.71406,2
997_5_470,4.93116,0
997_5_21,4.85526,1
997_5_82,4.84978,2
998_5_470,4.91473,0
998_5_21,4.84852,1
998_5_82,4.8296,2
999_5_470,4.65584,0
999_5_21,4.57671,1
999_5_658,4.5754,2
1000_5_470,4.88596,0
1000_5_82,4.8378,1
1000_5_379,4.80282,2
1001_5_470,4.81764,0
1001_5_82,4.78456,1
1001_5_379,4.75303,2
1002_5_470,4.81915,0
1002_5_82,4.77923,1
1002_5_21,4.74458,2
1003_5_470,4.78464,0
1003_5_82,4.75317,1
1003_5_379,4.72736,2
1004_5_470,4.8357,0
1004_5_593,4.75702,1
1004_5_82,4.74331,2
1005_5_470,4.89797,0
1005_5_593,4.81286,1
1005_5_82,4.79725,2
1006_5_470,4.80149,0
1006_5_82,4.76013,1
1006_5_21,4.71446,2
1007_5_470,4.86456,0
1007_5_21,4.8131,1
1007_5_82,4.81097,2
1008_5_470,4.73165,0
1008_5_21,4.67231,1
1008_5_82,4.63922,2
1009_5_470,4.78501,0
1009_5_21,4.73796,1
1009_5_82,4.6959,2
1010_5_470,4.86671,0
1010_5_21,4.78871,1
1010_5_192,4.78334,2
1011_5_470,4.77406,0
1011_5_21,4.70668,1
1011_5_82,4.6723,2
1012_5_470,4.68496,0
1012_5_656,4.63731,1
1012_5_658,4.61481,2
1013_5_470,4.8366,0
1013_5_656,4.73016,1
1013_5_658,4.72717,2
1014_5_470,4.66496,0
1014_5_21,4.61293,1
1014_5_658,4.5914,2
1015_5_470,4.76563,0
1015_5_21,4.72128,1
1015_5_192,4.65241,2
1016_5_470,4.76587,0
1016_5_21,4.7162,1
1016_5_192,4.65883,2
1017_5_470,4.45865,0
1017_5_21,4.44237,1
1017_5_192,4.41746,2
1018_5_470,4.71001,0
1018_5_21,4.68807,1
1018_5_656,4.65837,2
1019_5_470,4.53031,0
1019_5_21,4.49665,1
1019_5_192,4.49208,2
1020_5_470,4.36667,0
1020_5_82,4.30962,1
1020_5_379,4.26087,2
1021_5_470,4.39562,0
1021_5_82,4.34217,1
1021_5_379,4.29543,2
1022_5_470,4.61204,0
1022_5_82,4.5731,1
1022_5_379,4.53094,2
1023_5_470,4.89446,0
1023_5_82,4.86908,1
1023_5_379,4.84315,2
1024_5_470,4.87892,0
1024_5_82,4.85387,1
1024_5_379,4.82669,2
1025_5_470,4.87015,0
1025_5_82,4.84363,1
1025_5_379,4.81761,2
1026_5_470,4.8398,0
1026_5_82,4.78292,1
1026_5_379,4.73473,2
1027_5_470,4.81632,0
1027_5_82,4.76237,1
1027_5_379,4.71847,2
1028_5_470,4.81324,0
1028_5_82,4.77775,1
1028_5_379,4.74619,2
1029_5_470,4.84105,0
1029_5_658,4.78611,1
1029_5_82,4.76128,2
1030_5_21,4.65716,0
1030_5_470,4.65408,1
1030_5_192,4.57838,2
1031_5_470,4.79295,0
1031_5_82,4.7642,1
1031_5_379,4.73406,2
1032_5_470,4.92577,0
1032_5_82,4.87672,1
1032_5_21,4.8439,2
1033_5_470,4.87886,0
1033_5_82,4.81754,1
1033_5_379,4.78756,2
1034_5_470,4.91165,0
1034_5_82,4.83342,1
1034_5_658,4.83305,2
1035_5_470,4.57164,0
1035_5_82,4.51955,1
1035_5_379,4.47133,2
1036_5_470,4.78053,0
1036_5_82,4.73423,1
1036_5_379,4.68778,2
1037_5_470,4.87267,0
1037_5_82,4.80826,1
1037_5_658,4.78273,2
1038_5_470,4.83648,0
1038_5_82,4.76448,1
1038_5_658,4.76118,2
1039_5_470,4.90876,0
1039_5_82,4.83941,1
1039_5_379,4.82171,2
1040_5_470,4.87545,0
1040_5_82,4.77805,1
1040_5_658,4.76696,2
1041_5_470,4.82295,0
1041_5_82,4.74125,1
1041_5_658,4.71875,2
1042_5_470,4.94539,0
1042_5_658,4.85325,1
1042_5_82,4.84831,2
1043_5_470,4.8288,0
1043_5_82,4.75548,1
1043_5_658,4.73691,2
1044_5_470,4.88193,0
1044_5_21,4.79442,1
1044_5_658,4.78778,2
1045_5_470,4.86763,0
1045_5_658,4.77496,1
1045_5_21,4.77371,2
1046_5_470,4.76502,0
1046_5_21,4.6994,1
1046_5_658,4.67117,2
1047_5_470,4.84562,0
1047_5_21,4.76217,1
1047_5_658,4.75598,2
1048_5_470,4.82866,0
1048_5_21,4.75276,1
1048_5_656,4.72478,2
1049_5_470,4.61844,0
1049_5_21,4.59918,1
1049_5_82,4.55613,2
1050_5_470,4.79416,0
1050_5_21,4.7732,1
1050_5_192,4.73888,2
1051_5_470,4.82479,0
1051_5_21,4.78698,1
1051_5_192,4.7711,2
1052_5_470,4.80685,0
1052_5_658,4.68288,1
1052_5_82,4.67984,2
1053_5_470,4.85231,0
1053_5_82,4.80419,1
1053_5_658,4.75955,2
1054_5_470,4.85284,0
1054_5_82,4.81038,1
1054_5_379,4.77538,2
1055_5_470,4.63744,0
1055_5_82,4.59192,1
1055_5_379,4.55055,2
1056_5_470,4.62264,0
1056_5_82,4.58502,1
1056_5_379,4.53377,2
1057_5_470,4.70581,0
1057_5_82,4.66676,1
1057_5_379,4.63134,2
1058_5_470,4.63752,0
1058_5_82,4.60042,1
1058_5_379,4.54919,2
1059_5_470,4.83842,0
1059_5_82,4.76837,1
1059_5_658,4.7423,2
1060_5_470,4.92202,0
1060_5_82,4.84491,1
1060_5_379,4.8162,2
1061_5_470,4.79105,0
1061_5_82,4.74132,1
1061_5_379,4.69841,2
1062_5_470,4.86878,0
1062_5_82,4.74742,1
1062_5_658,4.74659,2
1063_5_470,4.8842,0
1063_5_658,4.75458,1
1063_5_82,4.74905,2
1064_5_470,4.95584,0
1064_5_658,4.83635,1
1064_5_82,4.83478,2
1065_5_470,4.42557,0
1065_5_21,4.42345,1
1065_5_82,4.37262,2
1066_5_470,4.31661,0
1066_5_21,4.29479,1
1066_5_82,4.26132,2
1067_5_470,4.4381,0
1067_5_21,4.40243,1
1067_5_82,4.39268,2
1068_5_470,4.51897,0
1068_5_21,4.48361,1
1068_5_82,4.48165,2
1069_5_470,4.45035,0
1069_5_82,4.41763,1
1069_5_21,4.41223,2
1070_5_470,4.50618,0
1070_5_82,4.46683,1
1070_5_379,4.43448,2
1071_5_470,4.7806,0
1071_5_82,4.74746,1
1071_5_379,4.71497,2
1072_5_470,4.81036,0
1072_5_82,4.76963,1
1072_5_379,4.73445,2
1073_5_470,4.90332,0
1073_5_82,4.84289,1
1073_5_658,4.81867,2
1074_5_470,4.85081,0
1074_5_658,4.74163,1
1074_5_82,4.72587,2
1075_5_470,4.86863,0
1075_5_21,4.81444,1
1075_5_82,4.79882,2
1076_5_470,4.73112,0
1076_5_82,4.69494,1
1076_5_379,4.68388,2
1077_5_470,4.76951,0
1077_5_82,4.73481,1
1077_5_379,4.72304,2
1078_5_470,4.66162,0
1078_5_82,4.62387,1
1078_5_379,4.59079,2
1079_5_470,4.63285,0
1079_5_82,4.57635,1
1079_5_379,4.54513,2
1080_5_470,4.55905,0
1080_5_21,4.48318,1
1080_5_82,4.47095,2
1081_5_470,4.81019,0
1081_5_82,4.77396,1
1081_5_379,4.73801,2
1082_5_470,4.96029,0
1082_5_82,4.92831,1
1082_5_379,4.88608,2
1083_5_470,4.64546,0
1083_5_82,4.61025,1
1083_5_21,4.59604,2
1084_5_470,4.76087,0
1084_5_82,4.71848,1
1084_5_21,4.71315,2
1085_5_470,4.84556,0
1085_5_658,4.75202,1
1085_5_82,4.75002,2
1086_5_470,4.83738,0
1086_5_21,4.78832,1
1086_5_82,4.78476,2
1087_5_470,4.76967,0
1087_5_82,4.72068,1
1087_5_21,4.69041,2
1088_5_470,4.91804,0
1088_5_82,4.81357,1
1088_5_21,4.79317,2
1089_5_470,4.85461,0
1089_5_21,4.82448,1
1089_5_192,4.77398,2
1090_5_470,4.86418,0
1090_5_593,4.7757,1
1090_5_82,4.76576,2
1091_5_470,4.78852,0
1091_5_21,4.76982,1
1091_5_82,4.71335,2
1092_5_470,4.74394,0
1092_5_21,4.72001,1
1092_5_192,4.67967,2
1093_5_470,4.79584,0
1093_5_192,4.7262,1
1093_5_658,4.72405,2
1094_5_470,4.88694,0
1094_5_82,4.83065,1
1094_5_379,4.78673,2
1095_5_470,4.84972,0
1095_5_82,4.78243,1
1095_5_21,4.77312,2
1096_5_470,4.71493,0
1096_5_82,4.62186,1
1096_5_658,4.61484,2
1097_5_470,4.59141,0
1097_5_82,4.55981,1
1097_5_21,4.5226,2
1098_5_470,4.53738,0
1098_5_82,4.50687,1
1098_5_379,4.45499,2
1099_5_470,4.54049,0
1099_5_82,4.49821,1
1099_5_133,4.45861,2
1100_5_470,4.47877,0
1100_5_82,4.42291,1
1100_5_133,4.40747,2
1101_5_470,4.61788,0
1101_5_82,4.54854,1
1101_5_133,4.548,2
1102_5_470,4.89462,0
1102_5_82,4.83981,1
1102_5_379,4.80292,2
1103_5_470,4.8488,0
1103_5_82,4.79616,1
1103_5_379,4.76036,2
1104_5_470,4.68809,0
1104_5_21,4.6405,1
1104_5_82,4.62181,2
1105_5_470,4.74493,0
1105_5_82,4.66965,1
1105_5_379,4.65136,2
1106_5_470,4.81383,0
1106_5_82,4.73535,1
1106_5_379,4.71576,2
1107_5_470,4.95612,0
1107_5_658,4.87554,1
1107_5_82,4.85741,2
1108_5_470,4.84299,0
1108_5_82,4.76477,1
1108_5_379,4.74662,2
1109_5_470,4.77465,0
1109_5_82,4.72631,1
1109_5_21,4.7134,2
1110_5_470,4.85356,0
1110_5_82,4.79376,1
1110_5_379,4.76317,2
1111_5_470,4.86679,0
1111_5_82,4.81781,1
1111_5_21,4.79721,2
1112_5_470,4.84481,0
1112_5_82,4.7772,1
1112_5_192,4.76886,2
1113_5_470,4.83638,0
1113_5_82,4.74152,1
1113_5_192,4.73965,2
1114_5_470,4.71582,0
1114_5_21,4.6791,1
1114_5_82,4.65057,2
1115_5_470,4.6963,0
1115_5_21,4.65733,1
1115_5_82,4.63338,2
1116_5_470,4.87748,0
1116_5_192,4.8,1
1116_5_489,4.79796,2
1117_5_470,4.84001,0
1117_5_192,4.75906,1
1117_5_489,4.75494,2
1118_5_470,4.73628,0
1118_5_82,4.66451,1
1118_5_21,4.65188,2
1119_5_470,4.80228,0
1119_5_192,4.71208,1
1119_5_489,4.70982,2
1120_5_470,4.63038,0
1120_5_82,4.53151,1
1120_5_379,4.5104,2
1121_5_470,4.71776,0
1121_5_82,4.67336,1
1121_5_21,4.63287,2
1122_5_470,4.868,0
1122_5_82,4.81047,1
1122_5_21,4.76459,2
1123_5_470,4.78258,0
1123_5_82,4.72719,1
1123_5_21,4.67905,2
1124_5_470,4.86389,0
1124_5_82,4.80539,1
1124_5_133,4.78941,2
1125_5_470,4.61401,0
1125_5_656,4.53882,1
1125_5_21,4.53432,2
1126_5_470,4.59904,0
1126_5_21,4.54928,1
1126_5_192,4.54421,2
1127_5_470,4.7961,0
1127_5_82,4.73833,1
1127_5_379,4.68584,2
1128_5_470,4.86078,0
1128_5_82,4.77371,1
1128_5_656,4.74939,2
1129_5_470,4.71167,0
1129_5_82,4.67888,1
1129_5_21,4.64519,2
1130_5_470,4.95376,0
1130_5_82,4.89314,1
1130_5_379,4.83667,2
1131_5_470,4.8772,0
1131_5_82,4.81453,1
1131_5_898,4.77219,2
1132_5_470,4.8461,0
1132_5_82,4.77755,1
1132_5_658,4.74055,2
1133_5_470,4.89447,0
1133_5_82,4.81881,1
1133_5_379,4.79251,2
1134_5_470,4.96827,0
1134_5_82,4.89901,1
1134_5_658,4.86016,2
1135_5_470,4.92368,0
1135_5_82,4.86557,1
1135_5_658,4.83396,2
1136_5_470,4.80404,0
1136_5_82,4.72631,1
1136_5_658,4.68947,2
1137_5_470,4.68811,0
1137_5_21,4.65604,1
1137_5_82,4.61149,2
1138_5_470,4.60782,0
1138_5_82,4.57504,1
1138_5_21,4.55085,2
1139_5_470,4.80294,0
1139_5_82,4.76478,1
1139_5_21,4.74037,2
1140_5_470,4.88303,0
1140_5_82,4.83767,1
1140_5_21,4.80129,2
1141_5_470,4.68965,0
1141_5_21,4.64151,1
1141_5_656,4.61956,2
1142_5_470,4.78766,0
1142_5_658,4.72868,1
1142_5_656,4.72701,2
1143_5_470,4.8776,0
1143_5_658,4.77771,1
1143_5_82,4.7561,2
1144_5_21,4.47799,0
1144_5_470,4.47163,1
1144_5_192,4.45656,2
1145_5_470,4.71925,0
1145_5_82,4.68096,1
1145_5_379,4.63069,2
1146_5_470,4.79225,0
1146_5_82,4.74689,1
1146_5_658,4.71263,2
1147_5_470,4.90693,0
1147_5_82,4.84497,1
1147_5_658,4.83727,2
1148_5_470,4.57108,0
1148_5_21,4.53493,1
1148_5_82,4.49436,2
1149_5_470,4.78352,0
1149_5_1195,4.68033,1
1149_5_82,4.66633,2
1150_5_470,4.92699,0
1150_5_82,4.86971,1
1150_5_898,4.83944,2
1151_5_470,4.71237,0
1151_5_21,4.67785,1
1151_5_192,4.61788,2
1152_5_470,4.95628,0
1152_5_82,4.89954,1
1152_5_379,4.87159,2
1153_5_470,4.8118,0
1153_5_82,4.76292,1
1153_5_379,4.72892,2
1154_5_470,4.37856,0
1154_5_21,4.35735,1
1154_5_82,4.31197,2
1155_5_470,4.83054,0
1155_5_21,4.82077,1
1155_5_192,4.77498,2
1156_5_21,4.57114,0
1156_5_470,4.56621,1
1156_5_192,4.53701,2
1157_5_470,4.69461,0
1157_5_21,4.63194,1
1157_5_82,4.59673,2
1158_5_470,4.80768,0
1158_5_21,4.72596,1
1158_5_658,4.72254,2
1159_5_470,4.47422,0
1159_5_21,4.43345,1
1159_5_82,4.4063,2
1160_5_470,4.68048,0
1160_5_82,4.59301,1
1160_5_379,4.57691,2
1161_5_470,4.55347,0
1161_5_82,4.48643,1
1161_5_379,4.46849,2
1162_5_470,4.50298,0
1162_5_82,4.4285,1
1162_5_379,4.39565,2
1163_5_470,4.66771,0
1163_5_82,4.61879,1
1163_5_379,4.57819,2
1164_5_470,4.76994,0
1164_5_82,4.71611,1
1164_5_379,4.66682,2
1165_5_470,4.81124,0
1165_5_82,4.75316,1
1165_5_379,4.70336,2
1166_5_470,4.79897,0
1166_5_82,4.73404,1
1166_5_1369,4.67553,2
1167_5_470,4.77641,0
1167_5_82,4.70839,1
1167_5_379,4.65099,2
1168_5_470,4.84781,0
1168_5_82,4.76938,1
1168_5_379,4.7189,2
1169_5_470,4.83892,0
1169_5_82,4.77296,1
1169_5_379,4.71658,2
1170_5_470,4.83362,0
1170_5_21,4.79151,1
1170_5_192,4.77782,2
1171_5_470,4.83718,0
1171_5_82,4.75438,1
1171_5_658,4.69026,2
1172_5_470,4.78242,0
1172_5_82,4.69827,1
1172_5_379,4.62988,2
1173_5_470,4.76575,0
1173_5_82,4.71808,1
1173_5_658,4.66178,2
1174_5_470,4.85009,0
1174_5_82,4.79516,1
1174_5_658,4.74036,2
1175_5_470,4.95314,0
1175_5_82,4.88712,1
1175_5_658,4.84938,2
1176_5_470,4.83392,0
1176_5_82,4.76115,1
1176_5_658,4.73715,2
1177_5_470,4.8695,0
1177_5_21,4.8565,1
1177_5_82,4.82056,2
1178_5_470,4.81932,0
1178_5_82,4.77487,1
1178_5_379,4.73136,2
1179_5_470,4.86791,0
1179_5_82,4.8057,1
1179_5_379,4.75933,2
1180_5_470,4.89916,0
1180_5_82,4.81146,1
1180_5_379,4.76816,2
1181_5_470,4.84595,0
1181_5_658,4.77673,1
1181_5_21,4.76956,2
1182_5_470,4.82205,0
1182_5_82,4.71578,1
1182_5_21,4.70061,2
1183_5_470,4.80536,0
1183_5_21,4.70107,1
1183_5_82,4.68139,2
1184_5_470,4.82918,0
1184_5_82,4.75724,1
1184_5_379,4.71582,2
1185_5_470,4.67972,0
1185_5_82,4.62503,1
1185_5_379,4.58819,2
1186_5_470,4.8753,0
1186_5_82,4.79592,1
1186_5_379,4.76529,2
1187_5_470,4.72077,0
1187_5_82,4.62115,1
1187_5_658,4.58559,2
1188_5_470,4.72965,0
1188_5_82,4.62272,1
1188_5_192,4.59971,2
1189_5_470,4.81307,0
1189_5_82,4.71845,1
1189_5_379,4.68105,2
1190_5_470,4.88225,0
1190_5_82,4.80036,1
1190_5_379,4.75973,2
1191_5_470,4.86497,0
1191_5_82,4.76963,1
1191_5_21,4.76262,2
1192_5_470,4.90789,0
1192_5_21,4.85241,1
1192_5_658,4.83298,2
1193_5_470,4.85825,0
1193_5_82,4.76383,1
1193_5_192,4.74424,2
1194_5_470,4.85004,0
1194_5_82,4.79774,1
1194_5_379,4.73698,2
1195_5_470,4.12873,0
1195_5_21,4.07371,1
1195_5_82,4.03646,2
1196_5_470,4.89041,0
1196_5_82,4.82472,1
1196_5_379,4.76061,2
1197_5_470,4.72034,0
1197_5_21,4.63591,1
1197_5_593,4.61671,2
1198_5_470,4.92753,0
1198_5_658,4.87214,1
1198_5_21,4.85908,2
1199_5_470,4.79501,0
1199_5_21,4.73711,1
1199_5_593,4.7113,2
1200_5_470,4.84365,0
1200_5_21,4.81254,1
1200_5_82,4.77242,2
1201_5_470,4.74784,0
1201_5_21,4.69555,1
1201_5_82,4.69517,2
1202_5_470,4.78889,0
1202_5_82,4.763,1
1202_5_379,4.70704,2
1203_5_470,4.8545,0
1203_5_21,4.83471,1
1203_5_192,4.819,2
1204_5_470,4.83608,0
1204_5_21,4.74953,1
1204_5_82,4.73559,2
1205_5_470,4.79124,0
1205_5_82,4.76038,1
1205_5_379,4.71503,2
1206_5_470,4.76311,0
1206_5_21,4.75672,1
1206_5_192,4.72022,2
1207_5_470,4.71558,0
1207_5_658,4.67206,1
1207_5_21,4.64387,2
1208_5_470,4.72465,0
1208_5_658,4.67811,1
1208_5_21,4.64621,2
1209_5_470,4.81739,0
1209_5_658,4.75877,1
1209_5_656,4.71497,2
1210_5_470,4.871,0
1210_5_82,4.83795,1
1210_5_379,4.79522,2
1211_5_470,4.95409,0
1211_5_82,4.89079,1
1211_5_21,4.87151,2
1212_5_470,4.89125,0
1212_5_82,4.81448,1
1212_5_21,4.81293,2
1213_5_470,4.89399,0
1213_5_21,4.8542,1
1213_5_82,4.79989,2
1214_5_470,4.80982,0
1214_5_656,4.73094,1
1214_5_82,4.72645,2
1215_5_470,4.73891,0
1215_5_656,4.71001,1
1215_5_658,4.67043,2
1216_5_470,4.8725,0
1216_5_656,4.84907,1
1216_5_21,4.81174,2
1217_5_470,4.80179,0
1217_5_82,4.70246,1
1217_5_379,4.69855,2
1218_5_470,4.78983,0
1218_5_21,4.76722,1
1218_5_656,4.74545,2
1219_5_470,4.74408,0
1219_5_656,4.67481,1
1219_5_82,4.63793,2
1220_5_470,4.71396,0
1220_5_656,4.63334,1
1220_5_82,4.60437,2
1221_5_470,4.45966,0
1221_5_573,4.37793,1
1221_5_21,4.35257,2
1222_5_470,4.84033,0
1222_5_82,4.77824,1
1222_5_656,4.76397,2
1223_5_656,4.74372,0
1223_5_470,4.73462,1
1223_5_658,4.67395,2
1224_5_470,4.72167,0
1224_5_82,4.66034,1
1224_5_21,4.6497,2
1225_5_470,4.7464,0
1225_5_21,4.69144,1
1225_5_82,4.6838,2
1226_5_470,4.52194,0
1226_5_656,4.42932,1
1226_5_658,4.40843,2
1227_5_470,4.8257,0
1227_5_656,4.76712,1
1227_5_21,4.76233,2
1228_5_470,4.67853,0
1228_5_656,4.6101,1
1228_5_593,4.56489,2
1229_5_470,4.73036,0
1229_5_656,4.65936,1
1229_5_593,4.61984,2
1230_5_470,4.79143,0
1230_5_656,4.72347,1
1230_5_593,4.68838,2
1231_5_470,4.84884,0
1231_5_82,4.78399,1
1231_5_379,4.76895,2
1232_5_470,4.88358,0
1232_5_82,4.80789,1
1232_5_379,4.79986,2
1233_5_470,4.60791,0
1233_5_656,4.53725,1
1233_5_82,4.50073,2
1234_5_470,4.44392,0
1234_5_656,4.38509,1
1234_5_658,4.33266,2
1235_5_470,4.44043,0
1235_5_656,4.38,1
1235_5_658,4.3355,2
1236_5_470,4.48467,0
1236_5_656,4.42711,1
1236_5_658,4.38577,2
1237_5_470,4.17687,0
1237_5_82,4.0974,1
1237_5_21,4.08613,2
1238_5_470,4.27933,0
1238_5_82,4.19131,1
1238_5_1195,4.1822,2
1239_5_470,4.22292,0
1239_5_82,4.13389,1
1239_5_21,4.13244,2
1240_5_470,4.27247,0
1240_5_82,4.17467,1
1240_5_21,4.17043,2
1241_5_470,4.69336,0
1241_5_82,4.61316,1
1241_5_656,4.61259,2
1242_5_470,4.62565,0
1242_5_82,4.54042,1
1242_5_656,4.53955,2
1243_5_470,4.56373,0
1243_5_656,4.50874,1
1243_5_82,4.43697,2
1244_5_470,4.72476,0
1244_5_656,4.67768,1
1244_5_21,4.64575,2
1245_5_470,4.81007,0
1245_5_656,4.7412,1
1245_5_21,4.7181,2
1246_5_470,4.83832,0
1246_5_656,4.78354,1
1246_5_658,4.75683,2
1247_5_470,4.80207,0
1247_5_656,4.73301,1
1247_5_192,4.70112,2
1248_5_470,4.77767,0
1248_5_656,4.70006,1
1248_5_192,4.67532,2
1249_5_470,4.91182,0
1249_5_656,4.82172,1
1249_5_192,4.81106,2
1250_5_470,4.70403,0
1250_5_656,4.62753,1
1250_5_658,4.57954,2
1251_5_470,4.77671,0
1251_5_656,4.69923,1
1251_5_192,4.66996,2
1252_5_470,4.47149,0
1252_5_656,4.4441,1
1252_5_21,4.39784,2
1253_5_470,4.6039,0
1253_5_82,4.55167,1
1253_5_379,4.53034,2
1254_5_470,4.77736,0
1254_5_656,4.73169,1
1254_5_658,4.70313,2
1255_5_470,4.56297,0
1255_5_82,4.51124,1
1255_5_379,4.49255,2
1256_5_470,4.70019,0
1256_5_82,4.63535,1
1256_5_379,4.62609,2
1257_5_470,4.75737,0
1257_5_656,4.73641,1
1257_5_658,4.68693,2
1258_5_470,4.8387,0
1258_5_82,4.75795,1
1258_5_21,4.75509,2
1259_5_470,4.49968,0
1259_5_82,4.44151,1
1259_5_379,4.42135,2
1260_5_470,4.55082,0
1260_5_82,4.48146,1
1260_5_21,4.46154,2
1261_5_470,4.79566,0
1261_5_656,4.73178,1
1261_5_192,4.7081,2
1262_5_470,4.62588,0
1262_5_82,4.55428,1
1262_5_656,4.54294,2
1263_5_470,4.63003,0
1263_5_656,4.55172,1
1263_5_82,4.54631,2
1264_5_470,4.66293,0
1264_5_82,4.57318,1
1264_5_656,4.56064,2
1265_5_470,4.67383,0
1265_5_82,4.57445,1
1265_5_656,4.56364,2
1266_5_470,4.80235,0
1266_5_656,4.73538,1
1266_5_658,4.71189,2
1267_5_470,4.84645,0
1267_5_656,4.78166,1
1267_5_658,4.74371,2
1268_5_470,4.76954,0
1268_5_656,4.69129,1
1268_5_82,4.6757,2
1269_5_470,4.59145,0
1269_5_82,4.53753,1
1269_5_21,4.48441,2
1270_5_470,4.67859,0
1270_5_21,4.61641,1
1270_5_489,4.60379,2
1271_5_470,4.70968,0
1271_5_656,4.66146,1
1271_5_21,4.64453,2
1272_5_470,4.65238,0
1272_5_656,4.60763,1
1272_5_21,4.59599,2
1273_5_470,4.82746,0
1273_5_656,4.758,1
1273_5_1195,4.74601,2
1274_5_470,4.8183,0
1274_5_82,4.72931,1
1274_5_379,4.72921,2
1275_5_470,4.68674,0
1275_5_656,4.62737,1
1275_5_21,4.6039,2
1276_5_470,4.69406,0
1276_5_656,4.67081,1
1276_5_658,4.63839,2
1277_5_470,4.63677,0
1277_5_656,4.6009,1
1277_5_658,4.5869,2
1278_5_470,4.54687,0
1278_5_656,4.4747,1
1278_5_21,4.46793,2
1279_5_470,4.47739,0
1279_5_21,4.41355,1
1279_5_656,4.40148,2
1280_5_470,4.26066,0
1280_5_21,4.20549,1
1280_5_489,4.18416,2
1281_5_470,4.46103,0
1281_5_21,4.41622,1
1281_5_489,4.38447,2
1282_5_470,4.76154,0
1282_5_656,4.6935,1
1282_5_658,4.67912,2
1283_5_470,4.72569,0
1283_5_656,4.6416,1
1283_5_82,4.6337,2
1284_5_470,4.7001,0
1284_5_82,4.62005,1
1284_5_379,4.6021,2
1285_5_470,4.74972,0
1285_5_82,4.66094,1
1285_5_379,4.65535,2
1286_5_470,4.78469,0
1286_5_656,4.72423,1
1286_5_658,4.69043,2
1287_5_470,4.65991,0
1287_5_656,4.606,1
1287_5_658,4.5638,2
1288_5_470,4.78313,0
1288_5_656,4.72662,1
1288_5_658,4.70188,2
1289_5_470,4.76452,0
1289_5_82,4.69066,1
1289_5_379,4.67223,2
1290_5_470,4.6695,0
1290_5_656,4.65376,1
1290_5_658,4.59229,2
1291_5_470,4.7469,0
1291_5_82,4.66952,1
1291_5_379,4.65915,2
1292_5_470,4.73796,0
1292_5_82,4.66741,1
1292_5_379,4.66405,2
1293_5_470,4.81089,0
1293_5_658,4.74296,1
1293_5_656,4.74156,2
1294_5_470,4.75914,0
1294_5_658,4.70197,1
1294_5_656,4.69907,2
1295_5_470,4.78986,0
1295_5_656,4.71117,1
1295_5_82,4.70271,2
1296_5_470,4.83265,0
1296_5_82,4.78698,1
1296_5_379,4.76419,2
1297_5_470,4.77008,0
1297_5_656,4.69364,1
1297_5_658,4.65997,2
1298_5_470,4.76817,0
1298_5_82,4.71555,1
1298_5_489,4.70815,2
1299_5_470,4.82561,0
1299_5_489,4.77734,1
1299_5_82,4.76953,2
1300_5_470,4.77034,0
1300_5_656,4.74567,1
1300_5_658,4.71455,2
1301_5_470,4.64166,0
1301_5_656,4.61727,1
1301_5_658,4.54594,2
1302_5_470,4.79353,0
1302_5_489,4.71665,1
1302_5_192,4.70693,2
1303_5_470,4.7337,0
1303_5_489,4.65913,1
1303_5_192,4.64944,2
1304_5_470,4.81708,0
1304_5_656,4.76986,1
1304_5_82,4.74429,2
1305_5_470,4.77485,0
1305_5_656,4.70254,1
1305_5_658,4.66999,2
1306_5_470,4.78653,0
1306_5_656,4.72869,1
1306_5_21,4.70775,2
1307_5_470,4.67279,0
1307_5_656,4.60205,1
1307_5_21,4.59191,2
1308_5_470,4.58625,0
1308_5_656,4.53207,1
1308_5_82,4.53134,2
1309_5_470,4.63578,0
1309_5_656,4.58195,1
1309_5_82,4.57662,2
1310_5_470,4.83772,0
1310_5_656,4.75249,1
1310_5_82,4.73984,2
1311_5_470,4.71185,0
1311_5_82,4.68956,1
1311_5_379,4.66638,2
1312_5_470,4.82317,0
1312_5_656,4.75786,1
1312_5_658,4.70302,2
1313_5_470,4.36878,0
1313_5_656,4.28205,1
1313_5_82,4.2751,2
1314_5_470,4.46017,0
1314_5_656,4.40702,1
1314_5_658,4.35925,2
1315_5_470,4.76379,0
1315_5_656,4.69975,1
1315_5_82,4.67708,2
1316_5_470,4.72764,0
1316_5_82,4.66101,1
1316_5_656,4.63997,2
1317_5_470,4.81795,0
1317_5_82,4.74847,1
1317_5_656,4.73202,2
1318_5_470,4.67063,0
1318_5_82,4.59071,1
1318_5_656,4.578,2
1319_5_470,4.78659,0
1319_5_1195,4.71002,1
1319_5_656,4.69653,2
1320_5_470,4.7427,0
1320_5_656,4.65407,1
1320_5_1195,4.63724,2
1321_5_470,4.59018,0
1321_5_656,4.55625,1
1321_5_21,4.50992,2
1322_5_470,4.53273,0
1322_5_656,4.47225,1
1322_5_1195,4.43777,2
1323_5_470,4.41002,0
1323_5_656,4.37281,1
1323_5_658,4.3466,2
1324_5_470,4.58283,0
1324_5_656,4.50443,1
1324_5_1195,4.49752,2
1325_5_470,4.78609,0
1325_5_1195,4.70826,1
1325_5_656,4.70739,2
1326_5_470,4.80584,0
1326_5_1195,4.74106,1
1326_5_656,4.72542,2
1327_5_470,4.73913,0
1327_5_656,4.64961,1
1327_5_658,4.626,2
1328_5_470,4.83533,0
1328_5_656,4.74153,1
1328_5_82,4.71525,2
1329_5_470,4.75472,0
1329_5_656,4.66056,1
1329_5_59,4.64053,2
1330_5_470,4.71031,0
1330_5_21,4.65501,1
1330_5_82,4.6303,2
1331_5_470,4.69384,0
1331_5_21,4.66153,1
1331_5_82,4.61103,2
1332_5_470,4.68311,0
1332_5_21,4.62367,1
1332_5_82,4.59835,2
1333_5_470,4.6649,0
1333_5_82,4.59719,1
1333_5_656,4.57552,2
1334_5_470,4.8928,0
1334_5_82,4.81509,1
1334_5_656,4.79414,2
1335_5_470,4.95428,0
1335_5_82,4.86785,1
1335_5_656,4.84245,2
1336_5_470,4.78246,0
1336_5_82,4.70315,1
1336_5_379,4.69054,2
1337_5_470,4.38384,0
1337_5_82,4.31707,1
1337_5_379,4.27633,2
1338_5_470,4.86006,0
1338_5_82,4.79098,1
1338_5_656,4.77572,2
1339_5_470,4.81792,0
1339_5_656,4.75195,1
1339_5_82,4.73464,2
1340_5_470,4.75205,0
1340_5_82,4.69009,1
1340_5_192,4.67928,2
1341_5_470,4.58227,0
1341_5_656,4.50698,1
1341_5_82,4.49975,2
1342_5_470,4.53949,0
1342_5_82,4.45657,1
1342_5_656,4.44895,2
1343_5_470,4.52139,0
1343_5_82,4.50443,1
1343_5_379,4.47009,2
1344_5_470,4.55848,0
1344_5_656,4.50145,1
1344_5_658,4.47502,2
1345_5_470,4.60441,0
1345_5_656,4.54352,1
1345_5_658,4.53299,2
1346_5_470,4.37245,0
1346_5_656,4.34513,1
1346_5_82,4.2917,2
1347_5_470,4.74158,0
1347_5_656,4.70018,1
1347_5_82,4.61441,2
1348_5_470,4.79465,0
1348_5_656,4.76122,1
1348_5_658,4.67736,2
1349_5_470,4.74295,0
1349_5_656,4.70053,1
1349_5_1195,4.6436,2
1350_5_470,4.26555,0
1350_5_656,4.24458,1
1350_5_21,4.2319,2
1351_5_470,4.60016,0
1351_5_656,4.56829,1
1351_5_192,4.51159,2
1352_5_470,4.50664,0
1352_5_656,4.46063,1
1352_5_21,4.44018,2
1353_5_470,4.35465,0
1353_5_656,4.30994,1
1353_5_82,4.28023,2
1354_5_470,4.54082,0
1354_5_656,4.49237,1
1354_5_21,4.47068,2
1355_5_470,4.63122,0
1355_5_656,4.57131,1
1355_5_658,4.55177,2
1356_5_470,4.53917,0
1356_5_656,4.4752,1
1356_5_21,4.47317,2
1357_5_470,4.56904,0
1357_5_656,4.55302,1
1357_5_658,4.47957,2
1358_5_470,4.75998,0
1358_5_21,4.70767,1
1358_5_656,4.70408,2
1359_5_470,4.72602,0
1359_5_656,4.65404,1
1359_5_1195,4.62587,2
1360_5_470,4.70222,0
1360_5_656,4.62201,1
1360_5_1195,4.61336,2
1361_5_470,4.50569,0
1361_5_82,4.43489,1
1361_5_658,4.42235,2
1362_5_470,4.67192,0
1362_5_82,4.6236,1
1362_5_379,4.58698,2
1363_5_470,4.35242,0
1363_5_656,4.30231,1
1363_5_82,4.27385,2
1364_5_470,4.56671,0
1364_5_82,4.50034,1
1364_5_379,4.49637,2
1365_5_470,4.57905,0
1365_5_379,4.50553,1
1365_5_82,4.50496,2
1366_5_470,4.39027,0
1366_5_656,4.36917,1
1366_5_658,4.29818,2
1367_5_470,4.68248,0
1367_5_379,4.61687,1
1367_5_82,4.61623,2
1368_5_470,4.19681,0
1368_5_656,4.15732,1
1368_5_21,4.12197,2
1369_5_470,4.13801,0
1369_5_656,4.08101,1
1369_5_21,4.07386,2
1370_5_656,4.60273,0
1370_5_470,4.5933,1
1370_5_658,4.53239,2
1371_5_470,4.6897,0
1371_5_82,4.60168,1
1371_5_21,4.58159,2
1372_5_470,4.72886,0
1372_5_656,4.69391,1
1372_5_658,4.65514,2
1373_5_470,4.66113,0
1373_5_656,4.62035,1
1373_5_658,4.58952,2
1374_5_470,4.69446,0
1374_5_82,4.62747,1
1374_5_379,4.59621,2
1375_5_470,4.72141,0
1375_5_82,4.6499,1
1375_5_656,4.62462,2
1376_5_470,4.72081,0
1376_5_656,4.65151,1
1376_5_82,4.63919,2
1377_5_470,4.70122,0
1377_5_656,4.6673,1
1377_5_1195,4.60448,2
1378_5_656,4.65133,0
1378_5_470,4.64876,1
1378_5_658,4.59213,2
1379_5_470,4.78822,0
1379_5_656,4.69157,1
1379_5_82,4.68572,2
1380_5_470,4.72085,0
1380_5_82,4.62377,1
1380_5_21,4.61128,2
1381_5_656,4.71706,0
1381_5_470,4.71342,1
1381_5_658,4.67617,2
1382_5_470,4.76194,0
1382_5_82,4.68384,1
1382_5_1195,4.67209,2
1383_5_470,4.67749,0
1383_5_1195,4.60899,1
1383_5_82,4.60041,2
1384_5_470,4.73822,0
1384_5_21,4.69203,1
1384_5_82,4.66238,2
1385_5_470,4.77542,0
1385_5_21,4.67491,1
1385_5_82,4.66723,2
1386_5_470,4.72929,0
1386_5_21,4.63273,1
1386_5_82,4.61638,2
1387_5_470,4.77213,0
1387_5_82,4.66977,1
1387_5_379,4.66186,2
1388_5_470,4.76162,0
1388_5_656,4.71491,1
1388_5_21,4.71283,2
1389_5_470,4.84922,0
1389_5_656,4.75589,1
1389_5_82,4.72113,2
1390_5_470,4.74589,0
1390_5_82,4.65146,1
1390_5_379,4.64665,2
1391_5_470,4.69361,0
1391_5_82,4.58876,1
1391_5_379,4.57993,2
1392_5_470,4.85058,0
1392_5_656,4.80872,1
1392_5_658,4.78648,2
1393_5_470,4.787,0
1393_5_656,4.73998,1
1393_5_192,4.73407,2
1394_5_470,4.47751,0
1394_5_82,4.41086,1
1394_5_21,4.40549,2
1395_5_470,4.37294,0
1395_5_82,4.32095,1
1395_5_379,4.29618,2
1396_5_470,4.81617,0
1396_5_82,4.75603,1
1396_5_656,4.74898,2
1397_5_470,4.26303,0
1397_5_21,4.20131,1
1397_5_82,4.17966,2
1398_5_470,4.71751,0
1398_5_656,4.65648,1
1398_5_658,4.6312,2
1399_5_470,4.85559,0
1399_5_82,4.78755,1
1399_5_656,4.77851,2
1400_5_470,4.69354,0
1400_5_21,4.68459,1
1400_5_656,4.63564,2
1401_5_470,4.7191,0
1401_5_21,4.7189,1
1401_5_656,4.65122,2
1402_5_470,4.50339,0
1402_5_656,4.48798,1
1402_5_21,4.48469,2
1403_5_470,4.5447,0
1403_5_21,4.53149,1
1403_5_656,4.50448,2
1404_5_470,4.82806,0
1404_5_21,4.76562,1
1404_5_656,4.76463,2
1405_5_470,4.50231,0
1405_5_656,4.43869,1
1405_5_898,4.40196,2
1406_5_470,4.4682,0
1406_5_656,4.45703,1
1406_5_21,4.43157,2
1407_5_470,4.51317,0
1407_5_656,4.48503,1
1407_5_21,4.47944,2
1408_5_470,4.76425,0
1408_5_82,4.69261,1
1408_5_656,4.68203,2
1409_5_470,4.65422,0
1409_5_21,4.63225,1
1409_5_656,4.61939,2
1410_5_470,4.66471,0
1410_5_21,4.63655,1
1410_5_656,4.62548,2
